TBL_NM,PRD_DE,TBL_ID,ITM_NM,ITM_NM_ENG,ITM_ID,UNIT_NM,ORG_ID,UNIT_NM_ENG,C1_OBJ_NM,C2_OBJ_NM,DT,PRD_SE,C2,C1,C1_NM,C1_NM_ENG,C2_NM,C2_NM_ENG
녹지,2013,TX_315_2009_H1037,면적,Area,16315T2009_004,㎡,460,㎡,소재지(시군구)별,녹지별,190924626,A,15315NJB000,15315HJG000,전국,Total,계,Total
녹지,2013,TX_315_2009_H1037,면적,Area,16315T2009_004,㎡,460,㎡,소재지(시군구)별,녹지별,5522274,A,15315NJB000,15315HJG001,서울특별시,Seoul,계,Total
녹지,2013,TX_315_2009_H1037,면적,Area,16315T2009_004,㎡,460,㎡,소재지(시군구)별,녹지별,104981,A,15315NJB000,15315HJG001001,종로구,Jongno-gu,계,Total
녹지,2013,TX_315_2009_H1037,면적,Area,16315T2009_004,㎡,460,㎡,소재지(시군구)별,녹지별,47885,A,15315NJB000,15315HJG001002,중구,Jung-gu,계,Total
녹지,2013,TX_315_2009_H1037,면적,Area,16315T2009_004,㎡,460,㎡,소재지(시군구)별,녹지별,81454,A,15315NJB000,15315HJG001003,용산구,Yongsan-gu,계,Total
녹지,2013,TX_315_2009_H1037,면적,Area,16315T2009_004,㎡,460,㎡,소재지(시군구)별,녹지별,283653,A,15315NJB000,15315HJG001004,성동구,Seong-dong,계,Total
녹지,2013,TX_315_2009_H1037,면적,Area,16315T2009_004,㎡,460,㎡,소재지(시군구)별,녹지별,20865,A,15315NJB000,15315HJG001005,광진구,Gwangjin-gu,계,Total
녹지,2013,TX_315_2009_H1037,면적,Area,16315T2009_004,㎡,460,㎡,소재지(시군구)별,녹지별,70581,A,15315NJB000,15315HJG001006,동대문구,Dongdaemun-gu,계,Total
녹지,2013,TX_315_2009_H1037,면적,Area,16315T2009_004,㎡,460,㎡,소재지(시군구)별,녹지별,187309,A,15315NJB000,15315HJG001007,중랑구,Jungnang-gu,계,Total
녹지,2013,TX_315_2009_H1037,면적,Area,16315T2009_004,㎡,460,㎡,소재지(시군구)별,녹지별,73865,A,15315NJB000,15315HJG001008,성북구,Seongbuk-gu,계,Total
녹지,2013,TX_315_2009_H1037,면적,Area,16315T2009_004,㎡,460,㎡,소재지(시군구)별,녹지별,23904,A,15315NJB000,15315HJG001009,강북구,Gangbuk-gu,계,Total
녹지,2013,TX_315_2009_H1037,면적,Area,16315T2009_004,㎡,460,㎡,소재지(시군구)별,녹지별,29280,A,15315NJB000,15315HJG001010,도봉구,Dobong-gu,계,Total
녹지,2013,TX_315_2009_H1037,면적,Area,16315T2009_004,㎡,460,㎡,소재지(시군구)별,녹지별,309197,A,15315NJB000,15315HJG001011,노원구,Nowon-gu,계,Total
녹지,2013,TX_315_2009_H1037,면적,Area,16315T2009_004,㎡,460,㎡,소재지(시군구)별,녹지별,113402,A,15315NJB000,15315HJG001012,은평구,Eunpyeong-gu,계,Total
녹지,2013,TX_315_2009_H1037,면적,Area,16315T2009_004,㎡,460,㎡,소재지(시군구)별,녹지별,479864,A,15315NJB000,15315HJG001013,서대문구,Seodaemun-gu,계,Total
녹지,2013,TX_315_2009_H1037,면적,Area,16315T2009_004,㎡,460,㎡,소재지(시군구)별,녹지별,679691,A,15315NJB000,15315HJG001014,마포구,Mapo-gu,계,Total
녹지,2013,TX_315_2009_H1037,면적,Area,16315T2009_004,㎡,460,㎡,소재지(시군구)별,녹지별,237492,A,15315NJB000,15315HJG001015,양천구,Yangcheon-gu,계,Total
녹지,2013,TX_315_2009_H1037,면적,Area,16315T2009_004,㎡,460,㎡,소재지(시군구)별,녹지별,294615,A,15315NJB000,15315HJG001016,강서구,Gangseo-gu,계,Total
녹지,2013,TX_315_2009_H1037,면적,Area,16315T2009_004,㎡,460,㎡,소재지(시군구)별,녹지별,163557,A,15315NJB000,15315HJG001017,구로구,Guro-gu,계,Total
녹지,2013,TX_315_2009_H1037,면적,Area,16315T2009_004,㎡,460,㎡,소재지(시군구)별,녹지별,32937,A,15315NJB000,15315HJG001018,금천구,Geumcheon-gu,계,Total
녹지,2013,TX_315_2009_H1037,면적,Area,16315T2009_004,㎡,460,㎡,소재지(시군구)별,녹지별,63389,A,15315NJB000,15315HJG001019,영등포구,Yeongdeungpo-gu,계,Total
녹지,2013,TX_315_2009_H1037,면적,Area,16315T2009_004,㎡,460,㎡,소재지(시군구)별,녹지별,24191,A,15315NJB000,15315HJG001020,동작구,Dongjak-gu,계,Total
녹지,2013,TX_315_2009_H1037,면적,Area,16315T2009_004,㎡,460,㎡,소재지(시군구)별,녹지별,65653,A,15315NJB000,15315HJG001021,관악구,Gwanak-gu,계,Total
녹지,2013,TX_315_2009_H1037,면적,Area,16315T2009_004,㎡,460,㎡,소재지(시군구)별,녹지별,768733,A,15315NJB000,15315HJG001022,서초구,Seocho-gu,계,Total
녹지,2013,TX_315_2009_H1037,면적,Area,16315T2009_004,㎡,460,㎡,소재지(시군구)별,녹지별,797721,A,15315NJB000,15315HJG001023,강남구,Gangnam-gu,계,Total
녹지,2013,TX_315_2009_H1037,면적,Area,16315T2009_004,㎡,460,㎡,소재지(시군구)별,녹지별,380381,A,15315NJB000,15315HJG001024,송파구,Songpa-gu,계,Total
녹지,2013,TX_315_2009_H1037,면적,Area,16315T2009_004,㎡,460,㎡,소재지(시군구)별,녹지별,187674,A,15315NJB000,15315HJG001025,강동구,Gang-dong,계,Total
녹지,2013,TX_315_2009_H1037,면적,Area,16315T2009_004,㎡,460,㎡,소재지(시군구)별,녹지별,9577086,A,15315NJB000,15315HJG002,부산광역시,Busan,계,Total
녹지,2013,TX_315_2009_H1037,면적,Area,16315T2009_004,㎡,460,㎡,소재지(시군구)별,녹지별,21434,A,15315NJB000,15315HJG002009,해운대구,Haeundae-gu,계,Total
녹지,2013,TX_315_2009_H1037,면적,Area,16315T2009_004,㎡,460,㎡,소재지(시군구)별,녹지별,30660,A,15315NJB000,15315HJG002012,강서구,Gangseo-gu,계,Total
녹지,2013,TX_315_2009_H1037,면적,Area,16315T2009_004,㎡,460,㎡,소재지(시군구)별,녹지별,9524992,A,15315NJB000,15315HJG002A1,부산광역시,Busan,계,Total
녹지,2013,TX_315_2009_H1037,면적,Area,16315T2009_004,㎡,460,㎡,소재지(시군구)별,녹지별,8801345,A,15315NJB000,15315HJG003,대구광역시,Daegu,계,Total
녹지,2013,TX_315_2009_H1037,면적,Area,16315T2009_004,㎡,460,㎡,소재지(시군구)별,녹지별,9418,A,15315NJB000,15315HJG003003,중구,Jung-gu,계,Total
녹지,2013,TX_315_2009_H1037,면적,Area,16315T2009_004,㎡,460,㎡,소재지(시군구)별,녹지별,1189030,A,15315NJB000,15315HJG003004,동구,Dong-gu,계,Total
녹지,2013,TX_315_2009_H1037,면적,Area,16315T2009_004,㎡,460,㎡,소재지(시군구)별,녹지별,655503,A,15315NJB000,15315HJG003005,서구,Seo-gu,계,Total
녹지,2013,TX_315_2009_H1037,면적,Area,16315T2009_004,㎡,460,㎡,소재지(시군구)별,녹지별,1504758,A,15315NJB000,15315HJG003007,북구,Buk-gu,계,Total
녹지,2013,TX_315_2009_H1037,면적,Area,16315T2009_004,㎡,460,㎡,소재지(시군구)별,녹지별,279857,A,15315NJB000,15315HJG003008,수성구,Suseong-gu,계,Total
녹지,2013,TX_315_2009_H1037,면적,Area,16315T2009_004,㎡,460,㎡,소재지(시군구)별,녹지별,828004,A,15315NJB000,15315HJG003009,달서구,Dalseo-gu,계,Total
녹지,2013,TX_315_2009_H1037,면적,Area,16315T2009_004,㎡,460,㎡,소재지(시군구)별,녹지별,4334775,A,15315NJB000,15315HJG003010,달성군,Dalseong-gun,계,Total
녹지,2013,TX_315_2009_H1037,면적,Area,16315T2009_004,㎡,460,㎡,소재지(시군구)별,녹지별,9526054,A,15315NJB000,15315HJG004,인천광역시,Incheon,계,Total
녹지,2013,TX_315_2009_H1037,면적,Area,16315T2009_004,㎡,460,㎡,소재지(시군구)별,녹지별,3178900,A,15315NJB000,15315HJG004001,중구,Jung-gu,계,Total
녹지,2013,TX_315_2009_H1037,면적,Area,16315T2009_004,㎡,460,㎡,소재지(시군구)별,녹지별,187366,A,15315NJB000,15315HJG004002,동구,Dong-gu,계,Total
녹지,2013,TX_315_2009_H1037,면적,Area,16315T2009_004,㎡,460,㎡,소재지(시군구)별,녹지별,625485,A,15315NJB000,15315HJG004003,남구,NAm-gu,계,Total
녹지,2013,TX_315_2009_H1037,면적,Area,16315T2009_004,㎡,460,㎡,소재지(시군구)별,녹지별,1065122,A,15315NJB000,15315HJG004004,연수구,Yeonsu-gu,계,Total
녹지,2013,TX_315_2009_H1037,면적,Area,16315T2009_004,㎡,460,㎡,소재지(시군구)별,녹지별,785347,A,15315NJB000,15315HJG004005,남동구,Nam-dong,계,Total
녹지,2013,TX_315_2009_H1037,면적,Area,16315T2009_004,㎡,460,㎡,소재지(시군구)별,녹지별,279905,A,15315NJB000,15315HJG004006,부평구,Bupyeong-gu,계,Total
녹지,2013,TX_315_2009_H1037,면적,Area,16315T2009_004,㎡,460,㎡,소재지(시군구)별,녹지별,78513,A,15315NJB000,15315HJG004007,계양구,Gyeyang-gu,계,Total
녹지,2013,TX_315_2009_H1037,면적,Area,16315T2009_004,㎡,460,㎡,소재지(시군구)별,녹지별,3287153,A,15315NJB000,15315HJG004008,서구,Seo-gu,계,Total
녹지,2013,TX_315_2009_H1037,면적,Area,16315T2009_004,㎡,460,㎡,소재지(시군구)별,녹지별,38263,A,15315NJB000,15315HJG004009,강화군,Ganghwa-gun,계,Total
녹지,2013,TX_315_2009_H1037,면적,Area,16315T2009_004,㎡,460,㎡,소재지(시군구)별,녹지별,3784609,A,15315NJB000,15315HJG005,광주광역시,Gwangju,계,Total
녹지,2013,TX_315_2009_H1037,면적,Area,16315T2009_004,㎡,460,㎡,소재지(시군구)별,녹지별,276015,A,15315NJB000,15315HJG005002,서구,Seo-gu,계,Total
녹지,2013,TX_315_2009_H1037,면적,Area,16315T2009_004,㎡,460,㎡,소재지(시군구)별,녹지별,140722,A,15315NJB000,15315HJG005003,남구,Nam-gu,계,Total
녹지,2013,TX_315_2009_H1037,면적,Area,16315T2009_004,㎡,460,㎡,소재지(시군구)별,녹지별,642845,A,15315NJB000,15315HJG005004,북구,Buk-gu,계,Total
녹지,2013,TX_315_2009_H1037,면적,Area,16315T2009_004,㎡,460,㎡,소재지(시군구)별,녹지별,2663257,A,15315NJB000,15315HJG005005,광산구,Gwangsan-gu,계,Total
녹지,2013,TX_315_2009_H1037,면적,Area,16315T2009_004,㎡,460,㎡,소재지(시군구)별,녹지별,61770,A,15315NJB000,15315HJG0050061,동구,Dong-gu,계,Total
녹지,2013,TX_315_2009_H1037,면적,Area,16315T2009_004,㎡,460,㎡,소재지(시군구)별,녹지별,2824272,A,15315NJB000,15315HJG006,대전광역시,Daejeon,계,Total
녹지,2013,TX_315_2009_H1037,면적,Area,16315T2009_004,㎡,460,㎡,소재지(시군구)별,녹지별,483591,A,15315NJB000,15315HJG006001,동구,Dong-gu,계,Total
녹지,2013,TX_315_2009_H1037,면적,Area,16315T2009_004,㎡,460,㎡,소재지(시군구)별,녹지별,229351,A,15315NJB000,15315HJG006002,중구,Jung-gu,계,Total
녹지,2013,TX_315_2009_H1037,면적,Area,16315T2009_004,㎡,460,㎡,소재지(시군구)별,녹지별,428716,A,15315NJB000,15315HJG006003,서구,Seo-gu,계,Total
녹지,2013,TX_315_2009_H1037,면적,Area,16315T2009_004,㎡,460,㎡,소재지(시군구)별,녹지별,758932,A,15315NJB000,15315HJG006004,유성구,Yuseong-gu,계,Total
녹지,2013,TX_315_2009_H1037,면적,Area,16315T2009_004,㎡,460,㎡,소재지(시군구)별,녹지별,923682,A,15315NJB000,15315HJG006005,대덕구,Daedeok-gu,계,Total
녹지,2013,TX_315_2009_H1037,면적,Area,16315T2009_004,㎡,460,㎡,소재지(시군구)별,녹지별,9592618,A,15315NJB000,15315HJG007,울산광역시,Ulsan,계,Total
녹지,2013,TX_315_2009_H1037,면적,Area,16315T2009_004,㎡,460,㎡,소재지(시군구)별,녹지별,9592618,A,15315NJB000,15315HJG007006,울산광역시,Ulsan,계,Total
녹지,2013,TX_315_2009_H1037,면적,Area,16315T2009_004,㎡,460,㎡,소재지(시군구)별,녹지별,40405498,A,15315NJB000,15315HJG008,경기도,Gyeonggi-do,계,Total
녹지,2013,TX_315_2009_H1037,면적,Area,16315T2009_004,㎡,460,㎡,소재지(시군구)별,녹지별,1895804,A,15315NJB000,15315HJG008001,수원시,Suwon-si,계,Total
녹지,2013,TX_315_2009_H1037,면적,Area,16315T2009_004,㎡,460,㎡,소재지(시군구)별,녹지별,2276120,A,15315NJB000,15315HJG008002,성남시,Seongnam-si,계,Total
녹지,2013,TX_315_2009_H1037,면적,Area,16315T2009_004,㎡,460,㎡,소재지(시군구)별,녹지별,750391,A,15315NJB000,15315HJG008003,의정부시,Uijeongbu-si,계,Total
녹지,2013,TX_315_2009_H1037,면적,Area,16315T2009_004,㎡,460,㎡,소재지(시군구)별,녹지별,491928,A,15315NJB000,15315HJG008004,안양시,Anyang-si,계,Total
녹지,2013,TX_315_2009_H1037,면적,Area,16315T2009_004,㎡,460,㎡,소재지(시군구)별,녹지별,676818,A,15315NJB000,15315HJG008005,부천시,Bucheon-si,계,Total
녹지,2013,TX_315_2009_H1037,면적,Area,16315T2009_004,㎡,460,㎡,소재지(시군구)별,녹지별,1444813,A,15315NJB000,15315HJG008006,광명시,Gwangmyeong-si,계,Total
녹지,2013,TX_315_2009_H1037,면적,Area,16315T2009_004,㎡,460,㎡,소재지(시군구)별,녹지별,1629765,A,15315NJB000,15315HJG008007,평택시,Pyeongtaek-si,계,Total
녹지,2013,TX_315_2009_H1037,면적,Area,16315T2009_004,㎡,460,㎡,소재지(시군구)별,녹지별,230219,A,15315NJB000,15315HJG008008,동두천시,Dongducheon-si,계,Total
녹지,2013,TX_315_2009_H1037,면적,Area,16315T2009_004,㎡,460,㎡,소재지(시군구)별,녹지별,2552786,A,15315NJB000,15315HJG008009,안산시,Ansan-si,계,Total
녹지,2013,TX_315_2009_H1037,면적,Area,16315T2009_004,㎡,460,㎡,소재지(시군구)별,녹지별,2295919,A,15315NJB000,15315HJG008010,고양시,Goyang-si,계,Total
녹지,2013,TX_315_2009_H1037,면적,Area,16315T2009_004,㎡,460,㎡,소재지(시군구)별,녹지별,64755,A,15315NJB000,15315HJG008011,과천시,Gwacheon-si,계,Total
녹지,2013,TX_315_2009_H1037,면적,Area,16315T2009_004,㎡,460,㎡,소재지(시군구)별,녹지별,233592,A,15315NJB000,15315HJG008012,구리시,Guri-si,계,Total
녹지,2013,TX_315_2009_H1037,면적,Area,16315T2009_004,㎡,460,㎡,소재지(시군구)별,녹지별,3358345,A,15315NJB000,15315HJG008013,남양주시,Namyangju-si,계,Total
녹지,2013,TX_315_2009_H1037,면적,Area,16315T2009_004,㎡,460,㎡,소재지(시군구)별,녹지별,1120129,A,15315NJB000,15315HJG008014,오산시,Osan-si,계,Total
녹지,2013,TX_315_2009_H1037,면적,Area,16315T2009_004,㎡,460,㎡,소재지(시군구)별,녹지별,4790481,A,15315NJB000,15315HJG008015,시흥시,Siheung-si,계,Total
녹지,2013,TX_315_2009_H1037,면적,Area,16315T2009_004,㎡,460,㎡,소재지(시군구)별,녹지별,566717,A,15315NJB000,15315HJG008016,군포시,Gunpo-si,계,Total
녹지,2013,TX_315_2009_H1037,면적,Area,16315T2009_004,㎡,460,㎡,소재지(시군구)별,녹지별,173239,A,15315NJB000,15315HJG008017,의왕시,Uiwang-si,계,Total
녹지,2013,TX_315_2009_H1037,면적,Area,16315T2009_004,㎡,460,㎡,소재지(시군구)별,녹지별,646695,A,15315NJB000,15315HJG008018,하남시,Hanam-si,계,Total
녹지,2013,TX_315_2009_H1037,면적,Area,16315T2009_004,㎡,460,㎡,소재지(시군구)별,녹지별,3686010,A,15315NJB000,15315HJG008019,용인시,Yongin-si,계,Total
녹지,2013,TX_315_2009_H1037,면적,Area,16315T2009_004,㎡,460,㎡,소재지(시군구)별,녹지별,2561092,A,15315NJB000,15315HJG008020,파주시,Paju-si,계,Total
녹지,2013,TX_315_2009_H1037,면적,Area,16315T2009_004,㎡,460,㎡,소재지(시군구)별,녹지별,1117780,A,15315NJB000,15315HJG008021,이천시,Icheon-si,계,Total
녹지,2013,TX_315_2009_H1037,면적,Area,16315T2009_004,㎡,460,㎡,소재지(시군구)별,녹지별,1410676,A,15315NJB000,15315HJG008022,안성시,Anseong-si,계,Total
녹지,2013,TX_315_2009_H1037,면적,Area,16315T2009_004,㎡,460,㎡,소재지(시군구)별,녹지별,1450299,A,15315NJB000,15315HJG008023,김포시,Gimpo-si,계,Total
녹지,2013,TX_315_2009_H1037,면적,Area,16315T2009_004,㎡,460,㎡,소재지(시군구)별,녹지별,1979760,A,15315NJB000,15315HJG008024,화성시,Hwaseong-si,계,Total
녹지,2013,TX_315_2009_H1037,면적,Area,16315T2009_004,㎡,460,㎡,소재지(시군구)별,녹지별,649103,A,15315NJB000,15315HJG008025,광주시,Gwangju-si,계,Total
녹지,2013,TX_315_2009_H1037,면적,Area,16315T2009_004,㎡,460,㎡,소재지(시군구)별,녹지별,1356762,A,15315NJB000,15315HJG008026,양주시,Yangju-si,계,Total
녹지,2013,TX_315_2009_H1037,면적,Area,16315T2009_004,㎡,460,㎡,소재지(시군구)별,녹지별,172523,A,15315NJB000,15315HJG008027,포천시,Pocheon-si,계,Total
녹지,2013,TX_315_2009_H1037,면적,Area,16315T2009_004,㎡,460,㎡,소재지(시군구)별,녹지별,477341,A,15315NJB000,15315HJG008029,연천군,Yeoncheon-gun,계,Total
녹지,2013,TX_315_2009_H1037,면적,Area,16315T2009_004,㎡,460,㎡,소재지(시군구)별,녹지별,255173,A,15315NJB000,15315HJG008030,가평군,Gapyeong-gun,계,Total
녹지,2013,TX_315_2009_H1037,면적,Area,16315T2009_004,㎡,460,㎡,소재지(시군구)별,녹지별,21206,A,15315NJB000,15315HJG008031,양평군,Yangpyeong-gun,계,Total
녹지,2013,TX_315_2009_H1037,면적,Area,16315T2009_004,㎡,460,㎡,소재지(시군구)별,녹지별,69257,A,15315NJB000,15315HJG008032,여주시,Yeoju-si,계,Total
녹지,2013,TX_315_2009_H1037,면적,Area,16315T2009_004,㎡,460,㎡,소재지(시군구)별,녹지별,7565619,A,15315NJB000,15315HJG009,강원도,Gangwon-do,계,Total
녹지,2013,TX_315_2009_H1037,면적,Area,16315T2009_004,㎡,460,㎡,소재지(시군구)별,녹지별,495763,A,15315NJB000,15315HJG009001,춘천시,Chuncheon-si,계,Total
녹지,2013,TX_315_2009_H1037,면적,Area,16315T2009_004,㎡,460,㎡,소재지(시군구)별,녹지별,3505055,A,15315NJB000,15315HJG009002,원주시,Wonju-si,계,Total
녹지,2013,TX_315_2009_H1037,면적,Area,16315T2009_004,㎡,460,㎡,소재지(시군구)별,녹지별,897674,A,15315NJB000,15315HJG009003,강릉시,Gangneung-si,계,Total
녹지,2013,TX_315_2009_H1037,면적,Area,16315T2009_004,㎡,460,㎡,소재지(시군구)별,녹지별,956060,A,15315NJB000,15315HJG009004,동해시,Donghae-si,계,Total
녹지,2013,TX_315_2009_H1037,면적,Area,16315T2009_004,㎡,460,㎡,소재지(시군구)별,녹지별,222460,A,15315NJB000,15315HJG009005,태백시,Taebaek-si,계,Total
녹지,2013,TX_315_2009_H1037,면적,Area,16315T2009_004,㎡,460,㎡,소재지(시군구)별,녹지별,278526,A,15315NJB000,15315HJG009006,속초시,Sokcho-si,계,Total
녹지,2013,TX_315_2009_H1037,면적,Area,16315T2009_004,㎡,460,㎡,소재지(시군구)별,녹지별,316030,A,15315NJB000,15315HJG009007,삼척시,Samcheok-si,계,Total
녹지,2013,TX_315_2009_H1037,면적,Area,16315T2009_004,㎡,460,㎡,소재지(시군구)별,녹지별,170040,A,15315NJB000,15315HJG009008,홍천군,Hongcheon-gun,계,Total
녹지,2013,TX_315_2009_H1037,면적,Area,16315T2009_004,㎡,460,㎡,소재지(시군구)별,녹지별,52587,A,15315NJB000,15315HJG009009,횡성군,Hoengseong-gun,계,Total
녹지,2013,TX_315_2009_H1037,면적,Area,16315T2009_004,㎡,460,㎡,소재지(시군구)별,녹지별,26479,A,15315NJB000,15315HJG009010,영월군,Yeongwol-gun,계,Total
녹지,2013,TX_315_2009_H1037,면적,Area,16315T2009_004,㎡,460,㎡,소재지(시군구)별,녹지별,233507,A,15315NJB000,15315HJG009011,평창군,Pyeongchang-gun,계,Total
녹지,2013,TX_315_2009_H1037,면적,Area,16315T2009_004,㎡,460,㎡,소재지(시군구)별,녹지별,155376,A,15315NJB000,15315HJG009012,정선군,Jeongseon-gun,계,Total
녹지,2013,TX_315_2009_H1037,면적,Area,16315T2009_004,㎡,460,㎡,소재지(시군구)별,녹지별,73128,A,15315NJB000,15315HJG009013,철원군,Cheorwon-gun,계,Total
녹지,2013,TX_315_2009_H1037,면적,Area,16315T2009_004,㎡,460,㎡,소재지(시군구)별,녹지별,2720,A,15315NJB000,15315HJG009014,화천군,Hwacheon-gun,계,Total
녹지,2013,TX_315_2009_H1037,면적,Area,16315T2009_004,㎡,460,㎡,소재지(시군구)별,녹지별,35394,A,15315NJB000,15315HJG009015,양구군,Yanggu-gun,계,Total
녹지,2013,TX_315_2009_H1037,면적,Area,16315T2009_004,㎡,460,㎡,소재지(시군구)별,녹지별,48166,A,15315NJB000,15315HJG009016,인제군,Inje-gun,계,Total
녹지,2013,TX_315_2009_H1037,면적,Area,16315T2009_004,㎡,460,㎡,소재지(시군구)별,녹지별,9412,A,15315NJB000,15315HJG009017,고성군,Goseong-gun,계,Total
녹지,2013,TX_315_2009_H1037,면적,Area,16315T2009_004,㎡,460,㎡,소재지(시군구)별,녹지별,87242,A,15315NJB000,15315HJG009018,양양군,Yangyang-gun,계,Total
녹지,2013,TX_315_2009_H1037,면적,Area,16315T2009_004,㎡,460,㎡,소재지(시군구)별,녹지별,13976412,A,15315NJB000,15315HJG010,충청북도,Chungcheongbuk-do,계,Total
녹지,2013,TX_315_2009_H1037,면적,Area,16315T2009_004,㎡,460,㎡,소재지(시군구)별,녹지별,2870849,A,15315NJB000,15315HJG010001,청주시,Cheongju-si,계,Total
녹지,2013,TX_315_2009_H1037,면적,Area,16315T2009_004,㎡,460,㎡,소재지(시군구)별,녹지별,2998410,A,15315NJB000,15315HJG010002,충주시,Chungju-si,계,Total
녹지,2013,TX_315_2009_H1037,면적,Area,16315T2009_004,㎡,460,㎡,소재지(시군구)별,녹지별,395546,A,15315NJB000,15315HJG010003,제천시,Jecheon-si,계,Total
녹지,2013,TX_315_2009_H1037,면적,Area,16315T2009_004,㎡,460,㎡,소재지(시군구)별,녹지별,3740942,A,15315NJB000,15315HJG010004,청원군,Cheongwon-gun,계,Total
녹지,2013,TX_315_2009_H1037,면적,Area,16315T2009_004,㎡,460,㎡,소재지(시군구)별,녹지별,209283,A,15315NJB000,15315HJG010005,보은군,Boeun-gun,계,Total
녹지,2013,TX_315_2009_H1037,면적,Area,16315T2009_004,㎡,460,㎡,소재지(시군구)별,녹지별,423209,A,15315NJB000,15315HJG010006,옥천군,Okcheon-gun,계,Total
녹지,2013,TX_315_2009_H1037,면적,Area,16315T2009_004,㎡,460,㎡,소재지(시군구)별,녹지별,567059,A,15315NJB000,15315HJG010007,영동군,Yeongdong-gun,계,Total
녹지,2013,TX_315_2009_H1037,면적,Area,16315T2009_004,㎡,460,㎡,소재지(시군구)별,녹지별,675934,A,15315NJB000,15315HJG010008,진천군,Jincheon-gun,계,Total
녹지,2013,TX_315_2009_H1037,면적,Area,16315T2009_004,㎡,460,㎡,소재지(시군구)별,녹지별,318180,A,15315NJB000,15315HJG010009,괴산군,Goesan-gun,계,Total
녹지,2013,TX_315_2009_H1037,면적,Area,16315T2009_004,㎡,460,㎡,소재지(시군구)별,녹지별,1346906,A,15315NJB000,15315HJG010010,음성군,Eumseong-gun,계,Total
녹지,2013,TX_315_2009_H1037,면적,Area,16315T2009_004,㎡,460,㎡,소재지(시군구)별,녹지별,114385,A,15315NJB000,15315HJG010011,단양군,Danyang-gun,계,Total
녹지,2013,TX_315_2009_H1037,면적,Area,16315T2009_004,㎡,460,㎡,소재지(시군구)별,녹지별,315709,A,15315NJB000,15315HJG010012,증평군,Jeungpyeong-gun,계,Total
녹지,2013,TX_315_2009_H1037,면적,Area,16315T2009_004,㎡,460,㎡,소재지(시군구)별,녹지별,15379764,A,15315NJB000,15315HJG011,충청남도,Chungcheongnam-do,계,Total
녹지,2013,TX_315_2009_H1037,면적,Area,16315T2009_004,㎡,460,㎡,소재지(시군구)별,녹지별,2885456,A,15315NJB000,15315HJG011001,천안시,Cheonan-si,계,Total
녹지,2013,TX_315_2009_H1037,면적,Area,16315T2009_004,㎡,460,㎡,소재지(시군구)별,녹지별,733684,A,15315NJB000,15315HJG011002,공주시,Gongju-si,계,Total
녹지,2013,TX_315_2009_H1037,면적,Area,16315T2009_004,㎡,460,㎡,소재지(시군구)별,녹지별,1043255,A,15315NJB000,15315HJG011003,보령시,Boryeong-si,계,Total
녹지,2013,TX_315_2009_H1037,면적,Area,16315T2009_004,㎡,460,㎡,소재지(시군구)별,녹지별,1457491,A,15315NJB000,15315HJG011004,아산시,Asan-si,계,Total
녹지,2013,TX_315_2009_H1037,면적,Area,16315T2009_004,㎡,460,㎡,소재지(시군구)별,녹지별,859857,A,15315NJB000,15315HJG011005,서산시,Seosan-si,계,Total
녹지,2013,TX_315_2009_H1037,면적,Area,16315T2009_004,㎡,460,㎡,소재지(시군구)별,녹지별,666495,A,15315NJB000,15315HJG011006,논산시,Nonsan-si,계,Total
녹지,2013,TX_315_2009_H1037,면적,Area,16315T2009_004,㎡,460,㎡,소재지(시군구)별,녹지별,387329,A,15315NJB000,15315HJG011007,계룡시,Gyerong-si,계,Total
녹지,2013,TX_315_2009_H1037,면적,Area,16315T2009_004,㎡,460,㎡,소재지(시군구)별,녹지별,169061,A,15315NJB000,15315HJG011008,금산군,Geumsan-gun,계,Total
녹지,2013,TX_315_2009_H1037,면적,Area,16315T2009_004,㎡,460,㎡,소재지(시군구)별,녹지별,15160,A,15315NJB000,15315HJG011010,부여군,Buyeo-gun,계,Total
녹지,2013,TX_315_2009_H1037,면적,Area,16315T2009_004,㎡,460,㎡,소재지(시군구)별,녹지별,413811,A,15315NJB000,15315HJG011011,서천군,Seocheon-gun,계,Total
녹지,2013,TX_315_2009_H1037,면적,Area,16315T2009_004,㎡,460,㎡,소재지(시군구)별,녹지별,62635,A,15315NJB000,15315HJG011012,청양군,Cheongyang-gun,계,Total
녹지,2013,TX_315_2009_H1037,면적,Area,16315T2009_004,㎡,460,㎡,소재지(시군구)별,녹지별,1052345,A,15315NJB000,15315HJG011013,홍성군,Hongseong-gun,계,Total
녹지,2013,TX_315_2009_H1037,면적,Area,16315T2009_004,㎡,460,㎡,소재지(시군구)별,녹지별,848210,A,15315NJB000,15315HJG011014,예산군,Yesan-gun,계,Total
녹지,2013,TX_315_2009_H1037,면적,Area,16315T2009_004,㎡,460,㎡,소재지(시군구)별,녹지별,1938817,A,15315NJB000,15315HJG011015,태안군,Taean-gun,계,Total
녹지,2013,TX_315_2009_H1037,면적,Area,16315T2009_004,㎡,460,㎡,소재지(시군구)별,녹지별,2846158,A,15315NJB000,15315HJG011017,당진시,Dangjin-si,계,Total
녹지,2013,TX_315_2009_H1037,면적,Area,16315T2009_004,㎡,460,㎡,소재지(시군구)별,녹지별,7353290,A,15315NJB000,15315HJG012,전라북도,Jeollabuk-do,계,Total
녹지,2013,TX_315_2009_H1037,면적,Area,16315T2009_004,㎡,460,㎡,소재지(시군구)별,녹지별,1019627,A,15315NJB000,15315HJG012001,전주시,Jeonju-si,계,Total
녹지,2013,TX_315_2009_H1037,면적,Area,16315T2009_004,㎡,460,㎡,소재지(시군구)별,녹지별,1832934,A,15315NJB000,15315HJG012002,군산시,Gunsan-si,계,Total
녹지,2013,TX_315_2009_H1037,면적,Area,16315T2009_004,㎡,460,㎡,소재지(시군구)별,녹지별,1114730,A,15315NJB000,15315HJG012003,익산시,Iksan-si,계,Total
녹지,2013,TX_315_2009_H1037,면적,Area,16315T2009_004,㎡,460,㎡,소재지(시군구)별,녹지별,858990,A,15315NJB000,15315HJG012004,정읍시,Jeongeup-si,계,Total
녹지,2013,TX_315_2009_H1037,면적,Area,16315T2009_004,㎡,460,㎡,소재지(시군구)별,녹지별,211752,A,15315NJB000,15315HJG012005,남원시,Namwon-si,계,Total
녹지,2013,TX_315_2009_H1037,면적,Area,16315T2009_004,㎡,460,㎡,소재지(시군구)별,녹지별,449073,A,15315NJB000,15315HJG012006,김제시,Gimje-si,계,Total
녹지,2013,TX_315_2009_H1037,면적,Area,16315T2009_004,㎡,460,㎡,소재지(시군구)별,녹지별,1017333,A,15315NJB000,15315HJG012007,완주군,Wanju-gun,계,Total
녹지,2013,TX_315_2009_H1037,면적,Area,16315T2009_004,㎡,460,㎡,소재지(시군구)별,녹지별,11655,A,15315NJB000,15315HJG012009,무주군,Muju-gun,계,Total
녹지,2013,TX_315_2009_H1037,면적,Area,16315T2009_004,㎡,460,㎡,소재지(시군구)별,녹지별,75417,A,15315NJB000,15315HJG012011,임실군,Imsil-gun,계,Total
녹지,2013,TX_315_2009_H1037,면적,Area,16315T2009_004,㎡,460,㎡,소재지(시군구)별,녹지별,28164,A,15315NJB000,15315HJG012012,순창군,Sunchang-gun,계,Total
녹지,2013,TX_315_2009_H1037,면적,Area,16315T2009_004,㎡,460,㎡,소재지(시군구)별,녹지별,439550,A,15315NJB000,15315HJG012013,고창군,Gochang-gun,계,Total
녹지,2013,TX_315_2009_H1037,면적,Area,16315T2009_004,㎡,460,㎡,소재지(시군구)별,녹지별,294065,A,15315NJB000,15315HJG012014,부안군,Buan-gun,계,Total
녹지,2013,TX_315_2009_H1037,면적,Area,16315T2009_004,㎡,460,㎡,소재지(시군구)별,녹지별,18490126,A,15315NJB000,15315HJG013,전라남도,Jeollanam-do,계,Total
녹지,2013,TX_315_2009_H1037,면적,Area,16315T2009_004,㎡,460,㎡,소재지(시군구)별,녹지별,872598,A,15315NJB000,15315HJG013001,목포시,Mokpo-si,계,Total
녹지,2013,TX_315_2009_H1037,면적,Area,16315T2009_004,㎡,460,㎡,소재지(시군구)별,녹지별,2738673,A,15315NJB000,15315HJG013002,여수시,Yeosu-si,계,Total
녹지,2013,TX_315_2009_H1037,면적,Area,16315T2009_004,㎡,460,㎡,소재지(시군구)별,녹지별,2569804,A,15315NJB000,15315HJG013003,순천시,Suncheon-si,계,Total
녹지,2013,TX_315_2009_H1037,면적,Area,16315T2009_004,㎡,460,㎡,소재지(시군구)별,녹지별,1178639,A,15315NJB000,15315HJG013004,나주시,Naju-si,계,Total
녹지,2013,TX_315_2009_H1037,면적,Area,16315T2009_004,㎡,460,㎡,소재지(시군구)별,녹지별,2808675,A,15315NJB000,15315HJG013005,광양시,Gwangyang-si,계,Total
녹지,2013,TX_315_2009_H1037,면적,Area,16315T2009_004,㎡,460,㎡,소재지(시군구)별,녹지별,587158,A,15315NJB000,15315HJG013006,담양군,Damyang-gun,계,Total
녹지,2013,TX_315_2009_H1037,면적,Area,16315T2009_004,㎡,460,㎡,소재지(시군구)별,녹지별,168469,A,15315NJB000,15315HJG013007,곡성군,Gokseong-gun,계,Total
녹지,2013,TX_315_2009_H1037,면적,Area,16315T2009_004,㎡,460,㎡,소재지(시군구)별,녹지별,27572,A,15315NJB000,15315HJG013008,구례군,Gurye-gun,계,Total
녹지,2013,TX_315_2009_H1037,면적,Area,16315T2009_004,㎡,460,㎡,소재지(시군구)별,녹지별,110527,A,15315NJB000,15315HJG013009,고흥군,Goheung-gun,계,Total
녹지,2013,TX_315_2009_H1037,면적,Area,16315T2009_004,㎡,460,㎡,소재지(시군구)별,녹지별,298748,A,15315NJB000,15315HJG013010,보성군,Boseong-gun,계,Total
녹지,2013,TX_315_2009_H1037,면적,Area,16315T2009_004,㎡,460,㎡,소재지(시군구)별,녹지별,364547,A,15315NJB000,15315HJG013011,화순군,Hwasun-gun,계,Total
녹지,2013,TX_315_2009_H1037,면적,Area,16315T2009_004,㎡,460,㎡,소재지(시군구)별,녹지별,496003,A,15315NJB000,15315HJG013012,장흥군,Jangheung-gun,계,Total
녹지,2013,TX_315_2009_H1037,면적,Area,16315T2009_004,㎡,460,㎡,소재지(시군구)별,녹지별,171648,A,15315NJB000,15315HJG013013,강진군,Gangjin-gun,계,Total
녹지,2013,TX_315_2009_H1037,면적,Area,16315T2009_004,㎡,460,㎡,소재지(시군구)별,녹지별,1857556,A,15315NJB000,15315HJG013014,해남군,Haenam-gun,계,Total
녹지,2013,TX_315_2009_H1037,면적,Area,16315T2009_004,㎡,460,㎡,소재지(시군구)별,녹지별,1146871,A,15315NJB000,15315HJG013015,영암군,Yeongam-gun,계,Total
녹지,2013,TX_315_2009_H1037,면적,Area,16315T2009_004,㎡,460,㎡,소재지(시군구)별,녹지별,652631,A,15315NJB000,15315HJG013016,무안군,Muan-gun,계,Total
녹지,2013,TX_315_2009_H1037,면적,Area,16315T2009_004,㎡,460,㎡,소재지(시군구)별,녹지별,402868,A,15315NJB000,15315HJG013017,함평군,Hampyeong-gun,계,Total
녹지,2013,TX_315_2009_H1037,면적,Area,16315T2009_004,㎡,460,㎡,소재지(시군구)별,녹지별,214044,A,15315NJB000,15315HJG013018,영광군,Yeonggwang-gun,계,Total
녹지,2013,TX_315_2009_H1037,면적,Area,16315T2009_004,㎡,460,㎡,소재지(시군구)별,녹지별,823326,A,15315NJB000,15315HJG013019,장성군,Jangseong-gun,계,Total
녹지,2013,TX_315_2009_H1037,면적,Area,16315T2009_004,㎡,460,㎡,소재지(시군구)별,녹지별,30770,A,15315NJB000,15315HJG013020,완도군,Wando-gun,계,Total
녹지,2013,TX_315_2009_H1037,면적,Area,16315T2009_004,㎡,460,㎡,소재지(시군구)별,녹지별,58016,A,15315NJB000,15315HJG013021,진도군,Jindo-gun,계,Total
녹지,2013,TX_315_2009_H1037,면적,Area,16315T2009_004,㎡,460,㎡,소재지(시군구)별,녹지별,910983,A,15315NJB000,15315HJG0130211,신안군,Shinan-gun,계,Total
녹지,2013,TX_315_2009_H1037,면적,Area,16315T2009_004,㎡,460,㎡,소재지(시군구)별,녹지별,17192157,A,15315NJB000,15315HJG014,경상북도,Gyeongsangbuk-do,계,Total
녹지,2013,TX_315_2009_H1037,면적,Area,16315T2009_004,㎡,460,㎡,소재지(시군구)별,녹지별,2049486,A,15315NJB000,15315HJG014001,포항시,Pohang-si,계,Total
녹지,2013,TX_315_2009_H1037,면적,Area,16315T2009_004,㎡,460,㎡,소재지(시군구)별,녹지별,2699228,A,15315NJB000,15315HJG014002,경주시,Gyeongju-si,계,Total
녹지,2013,TX_315_2009_H1037,면적,Area,16315T2009_004,㎡,460,㎡,소재지(시군구)별,녹지별,1115061,A,15315NJB000,15315HJG014003,김천시,Gimcheon-si,계,Total
녹지,2013,TX_315_2009_H1037,면적,Area,16315T2009_004,㎡,460,㎡,소재지(시군구)별,녹지별,481528,A,15315NJB000,15315HJG014004,안동시,An-dong,계,Total
녹지,2013,TX_315_2009_H1037,면적,Area,16315T2009_004,㎡,460,㎡,소재지(시군구)별,녹지별,3192883,A,15315NJB000,15315HJG014005,구미시,Gumi-si,계,Total
녹지,2013,TX_315_2009_H1037,면적,Area,16315T2009_004,㎡,460,㎡,소재지(시군구)별,녹지별,643982,A,15315NJB000,15315HJG014006,영주시,Yeongju-si,계,Total
녹지,2013,TX_315_2009_H1037,면적,Area,16315T2009_004,㎡,460,㎡,소재지(시군구)별,녹지별,638208,A,15315NJB000,15315HJG014007,영천시,Yeongcheon-si,계,Total
녹지,2013,TX_315_2009_H1037,면적,Area,16315T2009_004,㎡,460,㎡,소재지(시군구)별,녹지별,552345,A,15315NJB000,15315HJG014008,상주시,Sangju-si,계,Total
녹지,2013,TX_315_2009_H1037,면적,Area,16315T2009_004,㎡,460,㎡,소재지(시군구)별,녹지별,352058,A,15315NJB000,15315HJG014009,문경시,Mungyeong-si,계,Total
녹지,2013,TX_315_2009_H1037,면적,Area,16315T2009_004,㎡,460,㎡,소재지(시군구)별,녹지별,1466946,A,15315NJB000,15315HJG014010,경산시,Gyeongsan-si,계,Total
녹지,2013,TX_315_2009_H1037,면적,Area,16315T2009_004,㎡,460,㎡,소재지(시군구)별,녹지별,81193,A,15315NJB000,15315HJG014011,군위군,Gunwi-gun,계,Total
녹지,2013,TX_315_2009_H1037,면적,Area,16315T2009_004,㎡,460,㎡,소재지(시군구)별,녹지별,196508,A,15315NJB000,15315HJG014012,의성군,Uiseong-gun,계,Total
녹지,2013,TX_315_2009_H1037,면적,Area,16315T2009_004,㎡,460,㎡,소재지(시군구)별,녹지별,25530,A,15315NJB000,15315HJG014013,청송군,Cheongsong-gun,계,Total
녹지,2013,TX_315_2009_H1037,면적,Area,16315T2009_004,㎡,460,㎡,소재지(시군구)별,녹지별,15732,A,15315NJB000,15315HJG014014,영양군,Yeongyang-gun,계,Total
녹지,2013,TX_315_2009_H1037,면적,Area,16315T2009_004,㎡,460,㎡,소재지(시군구)별,녹지별,153392,A,15315NJB000,15315HJG014015,영덕군,Yeongdeok-gun,계,Total
녹지,2013,TX_315_2009_H1037,면적,Area,16315T2009_004,㎡,460,㎡,소재지(시군구)별,녹지별,190641,A,15315NJB000,15315HJG014016,청도군,Cheongdo-gun,계,Total
녹지,2013,TX_315_2009_H1037,면적,Area,16315T2009_004,㎡,460,㎡,소재지(시군구)별,녹지별,164982,A,15315NJB000,15315HJG014017,고령군,Goryeong-gun,계,Total
녹지,2013,TX_315_2009_H1037,면적,Area,16315T2009_004,㎡,460,㎡,소재지(시군구)별,녹지별,165020,A,15315NJB000,15315HJG014018,성주군,Seongju-gun,계,Total
녹지,2013,TX_315_2009_H1037,면적,Area,16315T2009_004,㎡,460,㎡,소재지(시군구)별,녹지별,1125864,A,15315NJB000,15315HJG014019,칠곡군,Chilgok-gun,계,Total
녹지,2013,TX_315_2009_H1037,면적,Area,16315T2009_004,㎡,460,㎡,소재지(시군구)별,녹지별,459275,A,15315NJB000,15315HJG014020,예천군,Yecheon-gun,계,Total
녹지,2013,TX_315_2009_H1037,면적,Area,16315T2009_004,㎡,460,㎡,소재지(시군구)별,녹지별,253348,A,15315NJB000,15315HJG014021,봉화군,Bonghwa-gun,계,Total
녹지,2013,TX_315_2009_H1037,면적,Area,16315T2009_004,㎡,460,㎡,소재지(시군구)별,녹지별,552332,A,15315NJB000,15315HJG014022,울진군,Uljin-gun,계,Total
녹지,2013,TX_315_2009_H1037,면적,Area,16315T2009_004,㎡,460,㎡,소재지(시군구)별,녹지별,616615,A,15315NJB000,15315HJG0140221,울릉군,Ulleung-gun,계,Total
녹지,2013,TX_315_2009_H1037,면적,Area,16315T2009_004,㎡,460,㎡,소재지(시군구)별,녹지별,17771624,A,15315NJB000,15315HJG015,경상남도,Gyeongsangnam-do,계,Total
녹지,2013,TX_315_2009_H1037,면적,Area,16315T2009_004,㎡,460,㎡,소재지(시군구)별,녹지별,5487174,A,15315NJB000,15315HJG015001,창원시,Changwon-si,계,Total
녹지,2013,TX_315_2009_H1037,면적,Area,16315T2009_004,㎡,460,㎡,소재지(시군구)별,녹지별,1492721,A,15315NJB000,15315HJG015003,진주시,Jinju-si,계,Total
녹지,2013,TX_315_2009_H1037,면적,Area,16315T2009_004,㎡,460,㎡,소재지(시군구)별,녹지별,100105,A,15315NJB000,15315HJG015005,통영시,Tongyeong-si,계,Total
녹지,2013,TX_315_2009_H1037,면적,Area,16315T2009_004,㎡,460,㎡,소재지(시군구)별,녹지별,1165096,A,15315NJB000,15315HJG015006,사천시,Sacheon-si,계,Total
녹지,2013,TX_315_2009_H1037,면적,Area,16315T2009_004,㎡,460,㎡,소재지(시군구)별,녹지별,2436846,A,15315NJB000,15315HJG015007,김해시,Gimhae-si,계,Total
녹지,2013,TX_315_2009_H1037,면적,Area,16315T2009_004,㎡,460,㎡,소재지(시군구)별,녹지별,1650370,A,15315NJB000,15315HJG015008,밀양시,Miryang-si,계,Total
녹지,2013,TX_315_2009_H1037,면적,Area,16315T2009_004,㎡,460,㎡,소재지(시군구)별,녹지별,524720,A,15315NJB000,15315HJG015009,거제시,Geoje-si,계,Total
녹지,2013,TX_315_2009_H1037,면적,Area,16315T2009_004,㎡,460,㎡,소재지(시군구)별,녹지별,2704942,A,15315NJB000,15315HJG015010,양산시,Yangsan-si,계,Total
녹지,2013,TX_315_2009_H1037,면적,Area,16315T2009_004,㎡,460,㎡,소재지(시군구)별,녹지별,185295,A,15315NJB000,15315HJG015012,함안군,Haman-gun,계,Total
녹지,2013,TX_315_2009_H1037,면적,Area,16315T2009_004,㎡,460,㎡,소재지(시군구)별,녹지별,445902,A,15315NJB000,15315HJG015013,창녕군,Changnyeong-gun,계,Total
녹지,2013,TX_315_2009_H1037,면적,Area,16315T2009_004,㎡,460,㎡,소재지(시군구)별,녹지별,448929,A,15315NJB000,15315HJG015014,고성군,Goseong-gun,계,Total
녹지,2013,TX_315_2009_H1037,면적,Area,16315T2009_004,㎡,460,㎡,소재지(시군구)별,녹지별,107805,A,15315NJB000,15315HJG015015,남해군,Namhae-gun,계,Total
녹지,2013,TX_315_2009_H1037,면적,Area,16315T2009_004,㎡,460,㎡,소재지(시군구)별,녹지별,242566,A,15315NJB000,15315HJG015016,하동군,Ha-dong,계,Total
녹지,2013,TX_315_2009_H1037,면적,Area,16315T2009_004,㎡,460,㎡,소재지(시군구)별,녹지별,110302,A,15315NJB000,15315HJG015017,산청군,Sancheong-gun,계,Total
녹지,2013,TX_315_2009_H1037,면적,Area,16315T2009_004,㎡,460,㎡,소재지(시군구)별,녹지별,442231,A,15315NJB000,15315HJG015018,함양군,Hamyang-gun,계,Total
녹지,2013,TX_315_2009_H1037,면적,Area,16315T2009_004,㎡,460,㎡,소재지(시군구)별,녹지별,226620,A,15315NJB000,15315HJG015019,거창군,Geochang-gun,계,Total
녹지,2013,TX_315_2009_H1037,면적,Area,16315T2009_004,㎡,460,㎡,소재지(시군구)별,녹지별,718813,A,15315NJB000,15315HJG016,제주특별자치도,Jeju-do,계,Total
녹지,2013,TX_315_2009_H1037,면적,Area,16315T2009_004,㎡,460,㎡,소재지(시군구)별,녹지별,492588,A,15315NJB000,15315HJG016001,제주시,Jeju-si,계,Total
녹지,2013,TX_315_2009_H1037,면적,Area,16315T2009_004,㎡,460,㎡,소재지(시군구)별,녹지별,226225,A,15315NJB000,15315HJG016002,서귀포시,Seogwipo-si,계,Total
녹지,2013,TX_315_2009_H1037,면적,Area,16315T2009_004,㎡,460,㎡,소재지(시군구)별,녹지별,2443065,A,15315NJB000,15315HJG017,세종특별자치시,Sejong-si,계,Total
녹지,2013,TX_315_2009_H1037,면적,Area,16315T2009_004,㎡,460,㎡,소재지(시군구)별,녹지별,2443065,A,15315NJB000,15315HJG017001,세종특별자치시,Sejong-si,계,Total
