TBL_NM,PRD_DE,TBL_ID,ITM_NM,ITM_NM_ENG,ITM_ID,UNIT_NM,ORG_ID,UNIT_NM_ENG,C1_OBJ_NM,C1_OBJ_NM_ENG,DT,PRD_SE,C1,C1_NM,C1_NM_ENG
시군별 논밭별 경지면적,2014,DT_1EB002,경지면적: 계,Area of cultivated Land : Total,T10,헥타르,101,Hectare,행정구역별,By administrative divisions,1691113,A,00,전국,Whole country
시군별 논밭별 경지면적,2014,DT_1EB002,경지면적: 계,Area of cultivated Land : Total,T10,헥타르,101,Hectare,행정구역별,By administrative divisions,480,A,11,서울,Seoul
시군별 논밭별 경지면적,2014,DT_1EB002,경지면적: 계,Area of cultivated Land : Total,T10,헥타르,101,Hectare,행정구역별,By administrative divisions,6351,A,21,부산,Busan
시군별 논밭별 경지면적,2014,DT_1EB002,경지면적: 계,Area of cultivated Land : Total,T10,헥타르,101,Hectare,행정구역별,By administrative divisions,1703,A,21310,기장군,Gijang-gun
시군별 논밭별 경지면적,2014,DT_1EB002,경지면적: 계,Area of cultivated Land : Total,T10,헥타르,101,Hectare,행정구역별,By administrative divisions,4649,A,21999,기장군외,Others Gijang-gun
시군별 논밭별 경지면적,2014,DT_1EB002,경지면적: 계,Area of cultivated Land : Total,T10,헥타르,101,Hectare,행정구역별,By administrative divisions,8660,A,22,대구,Daegu
시군별 논밭별 경지면적,2014,DT_1EB002,경지면적: 계,Area of cultivated Land : Total,T10,헥타르,101,Hectare,행정구역별,By administrative divisions,5909,A,22310,달성군,Dalseong-gun
시군별 논밭별 경지면적,2014,DT_1EB002,경지면적: 계,Area of cultivated Land : Total,T10,헥타르,101,Hectare,행정구역별,By administrative divisions,2751,A,22999,달성군외,Others Dalseong-gun
시군별 논밭별 경지면적,2014,DT_1EB002,경지면적: 계,Area of cultivated Land : Total,T10,헥타르,101,Hectare,행정구역별,By administrative divisions,20098,A,23,인천,Incheon
시군별 논밭별 경지면적,2014,DT_1EB002,경지면적: 계,Area of cultivated Land : Total,T10,헥타르,101,Hectare,행정구역별,By administrative divisions,14514,A,23310,강화군,Ganghwa-gun
시군별 논밭별 경지면적,2014,DT_1EB002,경지면적: 계,Area of cultivated Land : Total,T10,헥타르,101,Hectare,행정구역별,By administrative divisions,5584,A,23999,강화군외,Others Ganghwa-gun
시군별 논밭별 경지면적,2014,DT_1EB002,경지면적: 계,Area of cultivated Land : Total,T10,헥타르,101,Hectare,행정구역별,By administrative divisions,10370,A,24,광주,Gwangju
시군별 논밭별 경지면적,2014,DT_1EB002,경지면적: 계,Area of cultivated Land : Total,T10,헥타르,101,Hectare,행정구역별,By administrative divisions,5850,A,24050,광산구,Gwangsan-gu
시군별 논밭별 경지면적,2014,DT_1EB002,경지면적: 계,Area of cultivated Land : Total,T10,헥타르,101,Hectare,행정구역별,By administrative divisions,4520,A,24999,광산구외,Others Gwangsan-gu
시군별 논밭별 경지면적,2014,DT_1EB002,경지면적: 계,Area of cultivated Land : Total,T10,헥타르,101,Hectare,행정구역별,By administrative divisions,4385,A,25,대전,Daejeon
시군별 논밭별 경지면적,2014,DT_1EB002,경지면적: 계,Area of cultivated Land : Total,T10,헥타르,101,Hectare,행정구역별,By administrative divisions,11369,A,26,울산,Ulsan
시군별 논밭별 경지면적,2014,DT_1EB002,경지면적: 계,Area of cultivated Land : Total,T10,헥타르,101,Hectare,행정구역별,By administrative divisions,9303,A,26310,울주군,Ulju-gun
시군별 논밭별 경지면적,2014,DT_1EB002,경지면적: 계,Area of cultivated Land : Total,T10,헥타르,101,Hectare,행정구역별,By administrative divisions,2066,A,26999,울주군외,Others Ulju-gun
시군별 논밭별 경지면적,2014,DT_1EB002,경지면적: 계,Area of cultivated Land : Total,T10,헥타르,101,Hectare,행정구역별,By administrative divisions,8444,A,29,세종,Sejong
시군별 논밭별 경지면적,2014,DT_1EB002,경지면적: 계,Area of cultivated Land : Total,T10,헥타르,101,Hectare,행정구역별,By administrative divisions,176028,A,31,경기,Gyeonggi
시군별 논밭별 경지면적,2014,DT_1EB002,경지면적: 계,Area of cultivated Land : Total,T10,헥타르,101,Hectare,행정구역별,By administrative divisions,1125,A,31010,수원시,Suwon-si
시군별 논밭별 경지면적,2014,DT_1EB002,경지면적: 계,Area of cultivated Land : Total,T10,헥타르,101,Hectare,행정구역별,By administrative divisions,483,A,31020,성남시,Seongnam-si
시군별 논밭별 경지면적,2014,DT_1EB002,경지면적: 계,Area of cultivated Land : Total,T10,헥타르,101,Hectare,행정구역별,By administrative divisions,476,A,31030,의정부시,Uijeongbu-si
시군별 논밭별 경지면적,2014,DT_1EB002,경지면적: 계,Area of cultivated Land : Total,T10,헥타르,101,Hectare,행정구역별,By administrative divisions,75,A,31040,안양시,Anyang-si
시군별 논밭별 경지면적,2014,DT_1EB002,경지면적: 계,Area of cultivated Land : Total,T10,헥타르,101,Hectare,행정구역별,By administrative divisions,667,A,31050,부천시,Bucheon-si
시군별 논밭별 경지면적,2014,DT_1EB002,경지면적: 계,Area of cultivated Land : Total,T10,헥타르,101,Hectare,행정구역별,By administrative divisions,460,A,31060,광명시,Gwangmyeong-si
시군별 논밭별 경지면적,2014,DT_1EB002,경지면적: 계,Area of cultivated Land : Total,T10,헥타르,101,Hectare,행정구역별,By administrative divisions,19780,A,31070,평택시,Pyeongtaek-si
시군별 논밭별 경지면적,2014,DT_1EB002,경지면적: 계,Area of cultivated Land : Total,T10,헥타르,101,Hectare,행정구역별,By administrative divisions,426,A,31080,동두천시,Dongducheon-si
시군별 논밭별 경지면적,2014,DT_1EB002,경지면적: 계,Area of cultivated Land : Total,T10,헥타르,101,Hectare,행정구역별,By administrative divisions,2126,A,31090,안산시,Ansan-si
시군별 논밭별 경지면적,2014,DT_1EB002,경지면적: 계,Area of cultivated Land : Total,T10,헥타르,101,Hectare,행정구역별,By administrative divisions,4193,A,31100,고양시,Goyang-si
시군별 논밭별 경지면적,2014,DT_1EB002,경지면적: 계,Area of cultivated Land : Total,T10,헥타르,101,Hectare,행정구역별,By administrative divisions,274,A,31110,과천시,Gwacheon-si
시군별 논밭별 경지면적,2014,DT_1EB002,경지면적: 계,Area of cultivated Land : Total,T10,헥타르,101,Hectare,행정구역별,By administrative divisions,354,A,31120,구리시,Guri-si
시군별 논밭별 경지면적,2014,DT_1EB002,경지면적: 계,Area of cultivated Land : Total,T10,헥타르,101,Hectare,행정구역별,By administrative divisions,3263,A,31130,남양주시,Namyangju-si
시군별 논밭별 경지면적,2014,DT_1EB002,경지면적: 계,Area of cultivated Land : Total,T10,헥타르,101,Hectare,행정구역별,By administrative divisions,572,A,31140,오산시,Osan-si
시군별 논밭별 경지면적,2014,DT_1EB002,경지면적: 계,Area of cultivated Land : Total,T10,헥타르,101,Hectare,행정구역별,By administrative divisions,2621,A,31150,시흥시,Siheung-si
시군별 논밭별 경지면적,2014,DT_1EB002,경지면적: 계,Area of cultivated Land : Total,T10,헥타르,101,Hectare,행정구역별,By administrative divisions,214,A,31160,군포시,Gunpo-si
시군별 논밭별 경지면적,2014,DT_1EB002,경지면적: 계,Area of cultivated Land : Total,T10,헥타르,101,Hectare,행정구역별,By administrative divisions,586,A,31170,의왕시,Uiwang-si
시군별 논밭별 경지면적,2014,DT_1EB002,경지면적: 계,Area of cultivated Land : Total,T10,헥타르,101,Hectare,행정구역별,By administrative divisions,435,A,31180,하남시,Hanam-si
시군별 논밭별 경지면적,2014,DT_1EB002,경지면적: 계,Area of cultivated Land : Total,T10,헥타르,101,Hectare,행정구역별,By administrative divisions,7655,A,31190,용인시,Yongin-si
시군별 논밭별 경지면적,2014,DT_1EB002,경지면적: 계,Area of cultivated Land : Total,T10,헥타르,101,Hectare,행정구역별,By administrative divisions,11445,A,31200,파주시,Paju-si
시군별 논밭별 경지면적,2014,DT_1EB002,경지면적: 계,Area of cultivated Land : Total,T10,헥타르,101,Hectare,행정구역별,By administrative divisions,17349,A,31210,이천시,Icheon-si
시군별 논밭별 경지면적,2014,DT_1EB002,경지면적: 계,Area of cultivated Land : Total,T10,헥타르,101,Hectare,행정구역별,By administrative divisions,15720,A,31220,안성시,Anseong-si
시군별 논밭별 경지면적,2014,DT_1EB002,경지면적: 계,Area of cultivated Land : Total,T10,헥타르,101,Hectare,행정구역별,By administrative divisions,7695,A,31230,김포시,Gimpo-si
시군별 논밭별 경지면적,2014,DT_1EB002,경지면적: 계,Area of cultivated Land : Total,T10,헥타르,101,Hectare,행정구역별,By administrative divisions,22547,A,31240,화성시,Hwaseong-si
시군별 논밭별 경지면적,2014,DT_1EB002,경지면적: 계,Area of cultivated Land : Total,T10,헥타르,101,Hectare,행정구역별,By administrative divisions,3211,A,31250,광주시,Gwangju-si
시군별 논밭별 경지면적,2014,DT_1EB002,경지면적: 계,Area of cultivated Land : Total,T10,헥타르,101,Hectare,행정구역별,By administrative divisions,4333,A,31260,양주시,Yangju-si
시군별 논밭별 경지면적,2014,DT_1EB002,경지면적: 계,Area of cultivated Land : Total,T10,헥타르,101,Hectare,행정구역별,By administrative divisions,10453,A,31270,포천시,Pocheon-si
시군별 논밭별 경지면적,2014,DT_1EB002,경지면적: 계,Area of cultivated Land : Total,T10,헥타르,101,Hectare,행정구역별,By administrative divisions,15745,A,31280,여주시,Yeoju-si
시군별 논밭별 경지면적,2014,DT_1EB002,경지면적: 계,Area of cultivated Land : Total,T10,헥타르,101,Hectare,행정구역별,By administrative divisions,9012,A,31350,연천군,Yeoncheon-gun
시군별 논밭별 경지면적,2014,DT_1EB002,경지면적: 계,Area of cultivated Land : Total,T10,헥타르,101,Hectare,행정구역별,By administrative divisions,3706,A,31370,가평군,Gapyeong-gun
시군별 논밭별 경지면적,2014,DT_1EB002,경지면적: 계,Area of cultivated Land : Total,T10,헥타르,101,Hectare,행정구역별,By administrative divisions,9024,A,31380,양평군,Yangpyeong-gun
시군별 논밭별 경지면적,2014,DT_1EB002,경지면적: 계,Area of cultivated Land : Total,T10,헥타르,101,Hectare,행정구역별,By administrative divisions,108727,A,32,강원,Gangwon
시군별 논밭별 경지면적,2014,DT_1EB002,경지면적: 계,Area of cultivated Land : Total,T10,헥타르,101,Hectare,행정구역별,By administrative divisions,6943,A,32010,춘천시,Chuncheon-si
시군별 논밭별 경지면적,2014,DT_1EB002,경지면적: 계,Area of cultivated Land : Total,T10,헥타르,101,Hectare,행정구역별,By administrative divisions,8850,A,32020,원주시,Wonju-si
시군별 논밭별 경지면적,2014,DT_1EB002,경지면적: 계,Area of cultivated Land : Total,T10,헥타르,101,Hectare,행정구역별,By administrative divisions,8074,A,32030,강릉시,Gangneung-si
시군별 논밭별 경지면적,2014,DT_1EB002,경지면적: 계,Area of cultivated Land : Total,T10,헥타르,101,Hectare,행정구역별,By administrative divisions,976,A,32040,동해시,Donghae-si
시군별 논밭별 경지면적,2014,DT_1EB002,경지면적: 계,Area of cultivated Land : Total,T10,헥타르,101,Hectare,행정구역별,By administrative divisions,963,A,32050,태백시,Taebaek-si
시군별 논밭별 경지면적,2014,DT_1EB002,경지면적: 계,Area of cultivated Land : Total,T10,헥타르,101,Hectare,행정구역별,By administrative divisions,606,A,32060,속초시,Sokcho-si
시군별 논밭별 경지면적,2014,DT_1EB002,경지면적: 계,Area of cultivated Land : Total,T10,헥타르,101,Hectare,행정구역별,By administrative divisions,4551,A,32070,삼척시,Samcheok-si
시군별 논밭별 경지면적,2014,DT_1EB002,경지면적: 계,Area of cultivated Land : Total,T10,헥타르,101,Hectare,행정구역별,By administrative divisions,11829,A,32310,홍천군,Hongcheon-gun
시군별 논밭별 경지면적,2014,DT_1EB002,경지면적: 계,Area of cultivated Land : Total,T10,헥타르,101,Hectare,행정구역별,By administrative divisions,9589,A,32320,횡성군,Hoengseong-gun
시군별 논밭별 경지면적,2014,DT_1EB002,경지면적: 계,Area of cultivated Land : Total,T10,헥타르,101,Hectare,행정구역별,By administrative divisions,6794,A,32330,영월군,Yeongwol-gun
시군별 논밭별 경지면적,2014,DT_1EB002,경지면적: 계,Area of cultivated Land : Total,T10,헥타르,101,Hectare,행정구역별,By administrative divisions,9587,A,32340,평창군,Pyeongchang-gun
시군별 논밭별 경지면적,2014,DT_1EB002,경지면적: 계,Area of cultivated Land : Total,T10,헥타르,101,Hectare,행정구역별,By administrative divisions,7305,A,32350,정선군,Jeongseon-gun
시군별 논밭별 경지면적,2014,DT_1EB002,경지면적: 계,Area of cultivated Land : Total,T10,헥타르,101,Hectare,행정구역별,By administrative divisions,13250,A,32360,철원군,Cheorwon-gun
시군별 논밭별 경지면적,2014,DT_1EB002,경지면적: 계,Area of cultivated Land : Total,T10,헥타르,101,Hectare,행정구역별,By administrative divisions,3299,A,32370,화천군,Hwacheon-gun
시군별 논밭별 경지면적,2014,DT_1EB002,경지면적: 계,Area of cultivated Land : Total,T10,헥타르,101,Hectare,행정구역별,By administrative divisions,4721,A,32380,양구군,Yanggu-gun
시군별 논밭별 경지면적,2014,DT_1EB002,경지면적: 계,Area of cultivated Land : Total,T10,헥타르,101,Hectare,행정구역별,By administrative divisions,4036,A,32390,인제군,Inje-gun
시군별 논밭별 경지면적,2014,DT_1EB002,경지면적: 계,Area of cultivated Land : Total,T10,헥타르,101,Hectare,행정구역별,By administrative divisions,4058,A,32400,고성군,Goseong-gun
시군별 논밭별 경지면적,2014,DT_1EB002,경지면적: 계,Area of cultivated Land : Total,T10,헥타르,101,Hectare,행정구역별,By administrative divisions,3295,A,32410,양양군,Yangyang-gun
시군별 논밭별 경지면적,2014,DT_1EB002,경지면적: 계,Area of cultivated Land : Total,T10,헥타르,101,Hectare,행정구역별,By administrative divisions,112097,A,33,충북,Chungcheongbuk-do
시군별 논밭별 경지면적,2014,DT_1EB002,경지면적: 계,Area of cultivated Land : Total,T10,헥타르,101,Hectare,행정구역별,By administrative divisions,3519,A,33010,청주시,Cheongju-si
시군별 논밭별 경지면적,2014,DT_1EB002,경지면적: 계,Area of cultivated Land : Total,T10,헥타르,101,Hectare,행정구역별,By administrative divisions,14869,A,33020,충주시,Chungju-si
시군별 논밭별 경지면적,2014,DT_1EB002,경지면적: 계,Area of cultivated Land : Total,T10,헥타르,101,Hectare,행정구역별,By administrative divisions,10672,A,33030,제천시,Jecheon-si
시군별 논밭별 경지면적,2014,DT_1EB002,경지면적: 계,Area of cultivated Land : Total,T10,헥타르,101,Hectare,행정구역별,By administrative divisions,14861,A,33310,청원군,Cheongwon-gun
시군별 논밭별 경지면적,2014,DT_1EB002,경지면적: 계,Area of cultivated Land : Total,T10,헥타르,101,Hectare,행정구역별,By administrative divisions,8989,A,33320,보은군,Boeun-gun
시군별 논밭별 경지면적,2014,DT_1EB002,경지면적: 계,Area of cultivated Land : Total,T10,헥타르,101,Hectare,행정구역별,By administrative divisions,8058,A,33330,옥천군,Okcheon-gun
시군별 논밭별 경지면적,2014,DT_1EB002,경지면적: 계,Area of cultivated Land : Total,T10,헥타르,101,Hectare,행정구역별,By administrative divisions,9620,A,33340,영동군,Yeongdong-gun
시군별 논밭별 경지면적,2014,DT_1EB002,경지면적: 계,Area of cultivated Land : Total,T10,헥타르,101,Hectare,행정구역별,By administrative divisions,8318,A,33350,진천군,Jincheon-gun
시군별 논밭별 경지면적,2014,DT_1EB002,경지면적: 계,Area of cultivated Land : Total,T10,헥타르,101,Hectare,행정구역별,By administrative divisions,11728,A,33360,괴산군,Goesan-gun
시군별 논밭별 경지면적,2014,DT_1EB002,경지면적: 계,Area of cultivated Land : Total,T10,헥타르,101,Hectare,행정구역별,By administrative divisions,13602,A,33370,음성군,Eumseong-gun
시군별 논밭별 경지면적,2014,DT_1EB002,경지면적: 계,Area of cultivated Land : Total,T10,헥타르,101,Hectare,행정구역별,By administrative divisions,5682,A,33380,단양군,Danyang-gun
시군별 논밭별 경지면적,2014,DT_1EB002,경지면적: 계,Area of cultivated Land : Total,T10,헥타르,101,Hectare,행정구역별,By administrative divisions,2178,A,33390,증평군,Jeungpyeong-gun
시군별 논밭별 경지면적,2014,DT_1EB002,경지면적: 계,Area of cultivated Land : Total,T10,헥타르,101,Hectare,행정구역별,By administrative divisions,219215,A,34,충남,Chungcheongnam-do
시군별 논밭별 경지면적,2014,DT_1EB002,경지면적: 계,Area of cultivated Land : Total,T10,헥타르,101,Hectare,행정구역별,By administrative divisions,13623,A,34010,천안시,Cheonan-si
시군별 논밭별 경지면적,2014,DT_1EB002,경지면적: 계,Area of cultivated Land : Total,T10,헥타르,101,Hectare,행정구역별,By administrative divisions,10580,A,34020,공주시,Gongju-si
시군별 논밭별 경지면적,2014,DT_1EB002,경지면적: 계,Area of cultivated Land : Total,T10,헥타르,101,Hectare,행정구역별,By administrative divisions,13167,A,34030,보령시,Boryeong-si
시군별 논밭별 경지면적,2014,DT_1EB002,경지면적: 계,Area of cultivated Land : Total,T10,헥타르,101,Hectare,행정구역별,By administrative divisions,15828,A,34040,아산시,Asan-si
시군별 논밭별 경지면적,2014,DT_1EB002,경지면적: 계,Area of cultivated Land : Total,T10,헥타르,101,Hectare,행정구역별,By administrative divisions,27077,A,34050,서산시,Seosan-si
시군별 논밭별 경지면적,2014,DT_1EB002,경지면적: 계,Area of cultivated Land : Total,T10,헥타르,101,Hectare,행정구역별,By administrative divisions,19251,A,34060,논산시,Nonsan-si
시군별 논밭별 경지면적,2014,DT_1EB002,경지면적: 계,Area of cultivated Land : Total,T10,헥타르,101,Hectare,행정구역별,By administrative divisions,432,A,34070,계룡시,Gyeryong-si
시군별 논밭별 경지면적,2014,DT_1EB002,경지면적: 계,Area of cultivated Land : Total,T10,헥타르,101,Hectare,행정구역별,By administrative divisions,25499,A,34080,당진시,Dangjin-si
시군별 논밭별 경지면적,2014,DT_1EB002,경지면적: 계,Area of cultivated Land : Total,T10,헥타르,101,Hectare,행정구역별,By administrative divisions,7876,A,34310,금산군,Geumsan-gun
시군별 논밭별 경지면적,2014,DT_1EB002,경지면적: 계,Area of cultivated Land : Total,T10,헥타르,101,Hectare,행정구역별,By administrative divisions,16191,A,34330,부여군,Buyeo-gun
시군별 논밭별 경지면적,2014,DT_1EB002,경지면적: 계,Area of cultivated Land : Total,T10,헥타르,101,Hectare,행정구역별,By administrative divisions,13571,A,34340,서천군,Seocheon-gun
시군별 논밭별 경지면적,2014,DT_1EB002,경지면적: 계,Area of cultivated Land : Total,T10,헥타르,101,Hectare,행정구역별,By administrative divisions,8630,A,34350,청양군,Cheongyang-gun
시군별 논밭별 경지면적,2014,DT_1EB002,경지면적: 계,Area of cultivated Land : Total,T10,헥타르,101,Hectare,행정구역별,By administrative divisions,13707,A,34360,홍성군,Hongseong-gun
시군별 논밭별 경지면적,2014,DT_1EB002,경지면적: 계,Area of cultivated Land : Total,T10,헥타르,101,Hectare,행정구역별,By administrative divisions,19204,A,34370,예산군,Yesan-gun
시군별 논밭별 경지면적,2014,DT_1EB002,경지면적: 계,Area of cultivated Land : Total,T10,헥타르,101,Hectare,행정구역별,By administrative divisions,14579,A,34380,태안군,Taean-gun
시군별 논밭별 경지면적,2014,DT_1EB002,경지면적: 계,Area of cultivated Land : Total,T10,헥타르,101,Hectare,행정구역별,By administrative divisions,204612,A,35,전북,Jeollabuk-do
시군별 논밭별 경지면적,2014,DT_1EB002,경지면적: 계,Area of cultivated Land : Total,T10,헥타르,101,Hectare,행정구역별,By administrative divisions,5311,A,35010,전주시,Jeonju-si
시군별 논밭별 경지면적,2014,DT_1EB002,경지면적: 계,Area of cultivated Land : Total,T10,헥타르,101,Hectare,행정구역별,By administrative divisions,14631,A,35020,군산시,Gunsan-si
시군별 논밭별 경지면적,2014,DT_1EB002,경지면적: 계,Area of cultivated Land : Total,T10,헥타르,101,Hectare,행정구역별,By administrative divisions,24310,A,35030,익산시,Iksan-si
시군별 논밭별 경지면적,2014,DT_1EB002,경지면적: 계,Area of cultivated Land : Total,T10,헥타르,101,Hectare,행정구역별,By administrative divisions,23378,A,35040,정읍시,Jeongeup-si
시군별 논밭별 경지면적,2014,DT_1EB002,경지면적: 계,Area of cultivated Land : Total,T10,헥타르,101,Hectare,행정구역별,By administrative divisions,15262,A,35050,남원시,Namwon-si
시군별 논밭별 경지면적,2014,DT_1EB002,경지면적: 계,Area of cultivated Land : Total,T10,헥타르,101,Hectare,행정구역별,By administrative divisions,28494,A,35060,김제시,Gimje-si
시군별 논밭별 경지면적,2014,DT_1EB002,경지면적: 계,Area of cultivated Land : Total,T10,헥타르,101,Hectare,행정구역별,By administrative divisions,11994,A,35310,완주군,Wanju-gun
시군별 논밭별 경지면적,2014,DT_1EB002,경지면적: 계,Area of cultivated Land : Total,T10,헥타르,101,Hectare,행정구역별,By administrative divisions,7589,A,35320,진안군,Jinan-gun
시군별 논밭별 경지면적,2014,DT_1EB002,경지면적: 계,Area of cultivated Land : Total,T10,헥타르,101,Hectare,행정구역별,By administrative divisions,5439,A,35330,무주군,Muju-gun
시군별 논밭별 경지면적,2014,DT_1EB002,경지면적: 계,Area of cultivated Land : Total,T10,헥타르,101,Hectare,행정구역별,By administrative divisions,7226,A,35340,장수군,Jangsu-gun
시군별 논밭별 경지면적,2014,DT_1EB002,경지면적: 계,Area of cultivated Land : Total,T10,헥타르,101,Hectare,행정구역별,By administrative divisions,7735,A,35350,임실군,Imsil-gun
시군별 논밭별 경지면적,2014,DT_1EB002,경지면적: 계,Area of cultivated Land : Total,T10,헥타르,101,Hectare,행정구역별,By administrative divisions,9847,A,35360,순창군,Sunchang-gun
시군별 논밭별 경지면적,2014,DT_1EB002,경지면적: 계,Area of cultivated Land : Total,T10,헥타르,101,Hectare,행정구역별,By administrative divisions,24516,A,35370,고창군,Gochang-gun
시군별 논밭별 경지면적,2014,DT_1EB002,경지면적: 계,Area of cultivated Land : Total,T10,헥타르,101,Hectare,행정구역별,By administrative divisions,18881,A,35380,부안군,Buan-gun
시군별 논밭별 경지면적,2014,DT_1EB002,경지면적: 계,Area of cultivated Land : Total,T10,헥타르,101,Hectare,행정구역별,By administrative divisions,305889,A,36,전남,Jeollanam-do
시군별 논밭별 경지면적,2014,DT_1EB002,경지면적: 계,Area of cultivated Land : Total,T10,헥타르,101,Hectare,행정구역별,By administrative divisions,856,A,36010,목포시,Mokpo-si
시군별 논밭별 경지면적,2014,DT_1EB002,경지면적: 계,Area of cultivated Land : Total,T10,헥타르,101,Hectare,행정구역별,By administrative divisions,8299,A,36020,여수시,Yeosu-si
시군별 논밭별 경지면적,2014,DT_1EB002,경지면적: 계,Area of cultivated Land : Total,T10,헥타르,101,Hectare,행정구역별,By administrative divisions,13749,A,36030,순천시,Suncheon-si
시군별 논밭별 경지면적,2014,DT_1EB002,경지면적: 계,Area of cultivated Land : Total,T10,헥타르,101,Hectare,행정구역별,By administrative divisions,22379,A,36040,나주시,Naju-si
시군별 논밭별 경지면적,2014,DT_1EB002,경지면적: 계,Area of cultivated Land : Total,T10,헥타르,101,Hectare,행정구역별,By administrative divisions,5180,A,36060,광양시,Gwangyang-si
시군별 논밭별 경지면적,2014,DT_1EB002,경지면적: 계,Area of cultivated Land : Total,T10,헥타르,101,Hectare,행정구역별,By administrative divisions,9375,A,36310,담양군,Damyang-gun
시군별 논밭별 경지면적,2014,DT_1EB002,경지면적: 계,Area of cultivated Land : Total,T10,헥타르,101,Hectare,행정구역별,By administrative divisions,8489,A,36320,곡성군,Gokseong-gun
시군별 논밭별 경지면적,2014,DT_1EB002,경지면적: 계,Area of cultivated Land : Total,T10,헥타르,101,Hectare,행정구역별,By administrative divisions,5590,A,36330,구례군,Gurye-gun
시군별 논밭별 경지면적,2014,DT_1EB002,경지면적: 계,Area of cultivated Land : Total,T10,헥타르,101,Hectare,행정구역별,By administrative divisions,22103,A,36350,고흥군,Goheung-gun
시군별 논밭별 경지면적,2014,DT_1EB002,경지면적: 계,Area of cultivated Land : Total,T10,헥타르,101,Hectare,행정구역별,By administrative divisions,14602,A,36360,보성군,Boseong-gun
시군별 논밭별 경지면적,2014,DT_1EB002,경지면적: 계,Area of cultivated Land : Total,T10,헥타르,101,Hectare,행정구역별,By administrative divisions,10093,A,36370,화순군,Hwasun-gun
시군별 논밭별 경지면적,2014,DT_1EB002,경지면적: 계,Area of cultivated Land : Total,T10,헥타르,101,Hectare,행정구역별,By administrative divisions,11661,A,36380,장흥군,Jangheung-gun
시군별 논밭별 경지면적,2014,DT_1EB002,경지면적: 계,Area of cultivated Land : Total,T10,헥타르,101,Hectare,행정구역별,By administrative divisions,12996,A,36390,강진군,Gangjin-gun
시군별 논밭별 경지면적,2014,DT_1EB002,경지면적: 계,Area of cultivated Land : Total,T10,헥타르,101,Hectare,행정구역별,By administrative divisions,35071,A,36400,해남군,Haenam-gun
시군별 논밭별 경지면적,2014,DT_1EB002,경지면적: 계,Area of cultivated Land : Total,T10,헥타르,101,Hectare,행정구역별,By administrative divisions,23079,A,36410,영암군,Yeongam-gun
시군별 논밭별 경지면적,2014,DT_1EB002,경지면적: 계,Area of cultivated Land : Total,T10,헥타르,101,Hectare,행정구역별,By administrative divisions,20511,A,36420,무안군,Muan-gun
시군별 논밭별 경지면적,2014,DT_1EB002,경지면적: 계,Area of cultivated Land : Total,T10,헥타르,101,Hectare,행정구역별,By administrative divisions,13206,A,36430,함평군,Hampyeong-gun
시군별 논밭별 경지면적,2014,DT_1EB002,경지면적: 계,Area of cultivated Land : Total,T10,헥타르,101,Hectare,행정구역별,By administrative divisions,17276,A,36440,영광군,Yeonggwang-gun
시군별 논밭별 경지면적,2014,DT_1EB002,경지면적: 계,Area of cultivated Land : Total,T10,헥타르,101,Hectare,행정구역별,By administrative divisions,11204,A,36450,장성군,Jangseong-gun
시군별 논밭별 경지면적,2014,DT_1EB002,경지면적: 계,Area of cultivated Land : Total,T10,헥타르,101,Hectare,행정구역별,By administrative divisions,7247,A,36460,완도군,Wando-gun
시군별 논밭별 경지면적,2014,DT_1EB002,경지면적: 계,Area of cultivated Land : Total,T10,헥타르,101,Hectare,행정구역별,By administrative divisions,12575,A,36470,진도군,Jindo-gun
시군별 논밭별 경지면적,2014,DT_1EB002,경지면적: 계,Area of cultivated Land : Total,T10,헥타르,101,Hectare,행정구역별,By administrative divisions,20347,A,36480,신안군,Sinan-gun
시군별 논밭별 경지면적,2014,DT_1EB002,경지면적: 계,Area of cultivated Land : Total,T10,헥타르,101,Hectare,행정구역별,By administrative divisions,277650,A,37,경북,Gyeongbuk
시군별 논밭별 경지면적,2014,DT_1EB002,경지면적: 계,Area of cultivated Land : Total,T10,헥타르,101,Hectare,행정구역별,By administrative divisions,14064,A,37010,포항시,Pohang-si
시군별 논밭별 경지면적,2014,DT_1EB002,경지면적: 계,Area of cultivated Land : Total,T10,헥타르,101,Hectare,행정구역별,By administrative divisions,20620,A,37020,경주시,Gyeongju-si
시군별 논밭별 경지면적,2014,DT_1EB002,경지면적: 계,Area of cultivated Land : Total,T10,헥타르,101,Hectare,행정구역별,By administrative divisions,15835,A,37030,김천시,Gimcheon-si
시군별 논밭별 경지면적,2014,DT_1EB002,경지면적: 계,Area of cultivated Land : Total,T10,헥타르,101,Hectare,행정구역별,By administrative divisions,20413,A,37040,안동시,Andong-si
시군별 논밭별 경지면적,2014,DT_1EB002,경지면적: 계,Area of cultivated Land : Total,T10,헥타르,101,Hectare,행정구역별,By administrative divisions,11956,A,37050,구미시,Gumi-si
시군별 논밭별 경지면적,2014,DT_1EB002,경지면적: 계,Area of cultivated Land : Total,T10,헥타르,101,Hectare,행정구역별,By administrative divisions,14617,A,37060,영주시,Yeongju-si
시군별 논밭별 경지면적,2014,DT_1EB002,경지면적: 계,Area of cultivated Land : Total,T10,헥타르,101,Hectare,행정구역별,By administrative divisions,14686,A,37070,영천시,Yeongcheon-si
시군별 논밭별 경지면적,2014,DT_1EB002,경지면적: 계,Area of cultivated Land : Total,T10,헥타르,101,Hectare,행정구역별,By administrative divisions,26192,A,37080,상주시,Sangju-si
시군별 논밭별 경지면적,2014,DT_1EB002,경지면적: 계,Area of cultivated Land : Total,T10,헥타르,101,Hectare,행정구역별,By administrative divisions,11413,A,37090,문경시,Mungyeong-si
시군별 논밭별 경지면적,2014,DT_1EB002,경지면적: 계,Area of cultivated Land : Total,T10,헥타르,101,Hectare,행정구역별,By administrative divisions,9974,A,37100,경산시,Gyeongsan-si
시군별 논밭별 경지면적,2014,DT_1EB002,경지면적: 계,Area of cultivated Land : Total,T10,헥타르,101,Hectare,행정구역별,By administrative divisions,7371,A,37310,군위군,Gunwi-gun
시군별 논밭별 경지면적,2014,DT_1EB002,경지면적: 계,Area of cultivated Land : Total,T10,헥타르,101,Hectare,행정구역별,By administrative divisions,21009,A,37320,의성군,Uiseong-gun
시군별 논밭별 경지면적,2014,DT_1EB002,경지면적: 계,Area of cultivated Land : Total,T10,헥타르,101,Hectare,행정구역별,By administrative divisions,7783,A,37330,청송군,Cheongsong-gun
시군별 논밭별 경지면적,2014,DT_1EB002,경지면적: 계,Area of cultivated Land : Total,T10,헥타르,101,Hectare,행정구역별,By administrative divisions,6354,A,37340,영양군,Yeongyang-gun
시군별 논밭별 경지면적,2014,DT_1EB002,경지면적: 계,Area of cultivated Land : Total,T10,헥타르,101,Hectare,행정구역별,By administrative divisions,6260,A,37350,영덕군,Yeongdeok-gun
시군별 논밭별 경지면적,2014,DT_1EB002,경지면적: 계,Area of cultivated Land : Total,T10,헥타르,101,Hectare,행정구역별,By administrative divisions,10507,A,37360,청도군,Cheongdo-gun
시군별 논밭별 경지면적,2014,DT_1EB002,경지면적: 계,Area of cultivated Land : Total,T10,헥타르,101,Hectare,행정구역별,By administrative divisions,6131,A,37370,고령군,Goryeong-gun
시군별 논밭별 경지면적,2014,DT_1EB002,경지면적: 계,Area of cultivated Land : Total,T10,헥타르,101,Hectare,행정구역별,By administrative divisions,9299,A,37380,성주군,Seongju-gun
시군별 논밭별 경지면적,2014,DT_1EB002,경지면적: 계,Area of cultivated Land : Total,T10,헥타르,101,Hectare,행정구역별,By administrative divisions,6120,A,37390,칠곡군,Chilgok-gun
시군별 논밭별 경지면적,2014,DT_1EB002,경지면적: 계,Area of cultivated Land : Total,T10,헥타르,101,Hectare,행정구역별,By administrative divisions,18138,A,37400,예천군,Yecheon-gun
시군별 논밭별 경지면적,2014,DT_1EB002,경지면적: 계,Area of cultivated Land : Total,T10,헥타르,101,Hectare,행정구역별,By administrative divisions,12211,A,37410,봉화군,Bonghwa-gun
시군별 논밭별 경지면적,2014,DT_1EB002,경지면적: 계,Area of cultivated Land : Total,T10,헥타르,101,Hectare,행정구역별,By administrative divisions,5487,A,37420,울진군,Uljin-gun
시군별 논밭별 경지면적,2014,DT_1EB002,경지면적: 계,Area of cultivated Land : Total,T10,헥타르,101,Hectare,행정구역별,By administrative divisions,1209,A,37430,울릉군,Ulleung-gun
시군별 논밭별 경지면적,2014,DT_1EB002,경지면적: 계,Area of cultivated Land : Total,T10,헥타르,101,Hectare,행정구역별,By administrative divisions,154050,A,38,경남,Gyeongnam
시군별 논밭별 경지면적,2014,DT_1EB002,경지면적: 계,Area of cultivated Land : Total,T10,헥타르,101,Hectare,행정구역별,By administrative divisions,13359,A,38030,진주시,Jinju-si
시군별 논밭별 경지면적,2014,DT_1EB002,경지면적: 계,Area of cultivated Land : Total,T10,헥타르,101,Hectare,행정구역별,By administrative divisions,2853,A,38050,통영시,Tongyeong-si
시군별 논밭별 경지면적,2014,DT_1EB002,경지면적: 계,Area of cultivated Land : Total,T10,헥타르,101,Hectare,행정구역별,By administrative divisions,7583,A,38060,사천시,Sacheon-si
시군별 논밭별 경지면적,2014,DT_1EB002,경지면적: 계,Area of cultivated Land : Total,T10,헥타르,101,Hectare,행정구역별,By administrative divisions,8501,A,38070,김해시,Gimhae-si
시군별 논밭별 경지면적,2014,DT_1EB002,경지면적: 계,Area of cultivated Land : Total,T10,헥타르,101,Hectare,행정구역별,By administrative divisions,14235,A,38080,밀양시,Miryang-si
시군별 논밭별 경지면적,2014,DT_1EB002,경지면적: 계,Area of cultivated Land : Total,T10,헥타르,101,Hectare,행정구역별,By administrative divisions,4172,A,38090,거제시,Geoje-si
시군별 논밭별 경지면적,2014,DT_1EB002,경지면적: 계,Area of cultivated Land : Total,T10,헥타르,101,Hectare,행정구역별,By administrative divisions,2739,A,38100,양산시,Yangsan-si
시군별 논밭별 경지면적,2014,DT_1EB002,경지면적: 계,Area of cultivated Land : Total,T10,헥타르,101,Hectare,행정구역별,By administrative divisions,10017,A,38110,창원시,Changwon-si
시군별 논밭별 경지면적,2014,DT_1EB002,경지면적: 계,Area of cultivated Land : Total,T10,헥타르,101,Hectare,행정구역별,By administrative divisions,6617,A,38310,의령군,Uiryeong-gun
시군별 논밭별 경지면적,2014,DT_1EB002,경지면적: 계,Area of cultivated Land : Total,T10,헥타르,101,Hectare,행정구역별,By administrative divisions,9920,A,38320,함안군,Haman-gun
시군별 논밭별 경지면적,2014,DT_1EB002,경지면적: 계,Area of cultivated Land : Total,T10,헥타르,101,Hectare,행정구역별,By administrative divisions,10893,A,38330,창녕군,Changnyeong-gun
시군별 논밭별 경지면적,2014,DT_1EB002,경지면적: 계,Area of cultivated Land : Total,T10,헥타르,101,Hectare,행정구역별,By administrative divisions,9755,A,38340,고성군,Goseong-gun
시군별 논밭별 경지면적,2014,DT_1EB002,경지면적: 계,Area of cultivated Land : Total,T10,헥타르,101,Hectare,행정구역별,By administrative divisions,5759,A,38350,남해군,Namhae-gun
시군별 논밭별 경지면적,2014,DT_1EB002,경지면적: 계,Area of cultivated Land : Total,T10,헥타르,101,Hectare,행정구역별,By administrative divisions,9406,A,38360,하동군,Hadong-gun
시군별 논밭별 경지면적,2014,DT_1EB002,경지면적: 계,Area of cultivated Land : Total,T10,헥타르,101,Hectare,행정구역별,By administrative divisions,7274,A,38370,산청군,Sancheong-gun
시군별 논밭별 경지면적,2014,DT_1EB002,경지면적: 계,Area of cultivated Land : Total,T10,헥타르,101,Hectare,행정구역별,By administrative divisions,7827,A,38380,함양군,Hamyang-gun
시군별 논밭별 경지면적,2014,DT_1EB002,경지면적: 계,Area of cultivated Land : Total,T10,헥타르,101,Hectare,행정구역별,By administrative divisions,11353,A,38390,거창군,Geochang-gun
시군별 논밭별 경지면적,2014,DT_1EB002,경지면적: 계,Area of cultivated Land : Total,T10,헥타르,101,Hectare,행정구역별,By administrative divisions,11788,A,38400,합천군,Hapcheon-gun
시군별 논밭별 경지면적,2014,DT_1EB002,경지면적: 계,Area of cultivated Land : Total,T10,헥타르,101,Hectare,행정구역별,By administrative divisions,62686,A,39,제주,Jeju
시군별 논밭별 경지면적,2014,DT_1EB002,경지면적: 계,Area of cultivated Land : Total,T10,헥타르,101,Hectare,행정구역별,By administrative divisions,31452,A,39010,제주시,Jeju-si
시군별 논밭별 경지면적,2014,DT_1EB002,경지면적: 계,Area of cultivated Land : Total,T10,헥타르,101,Hectare,행정구역별,By administrative divisions,31234,A,39020,서귀포시,Seogwipo-si
