TBL_NM,PRD_DE,TBL_ID,ITM_NM,ITM_NM_ENG,ITM_ID,UNIT_NM,ORG_ID,UNIT_NM_ENG,C1_OBJ_NM,C1_OBJ_NM_ENG,C2_OBJ_NM,C2_OBJ_NM_ENG,DT,PRD_SE,C2,C1,C1_NM,C2_NM,C1_NM_ENG,C2_NM_ENG
도시·비도시지역 면적현황,2012,TX_315_2009_H1002,면적,Area,16315T2008_0012,㎡,460,㎡,소재지(시군구)별,By Administrative District,도시및비도시지역별,By Current Status,106176421469,A,15315DSI001,15315HJG000,전국,합계,Total,Total
도시·비도시지역 면적현황,2012,TX_315_2009_H1002,면적,Area,16315T2008_0012,㎡,460,㎡,소재지(시군구)별,By Administrative District,도시및비도시지역별,By Current Status,605958000,A,15315DSI001,15315HJG001,서울특별시,합계,Seoul,Total
도시·비도시지역 면적현황,2012,TX_315_2009_H1002,면적,Area,16315T2008_0012,㎡,460,㎡,소재지(시군구)별,By Administrative District,도시및비도시지역별,By Current Status,23910000,A,15315DSI001,15315HJG001001,종로구,합계,Jongno-gu,Total
도시·비도시지역 면적현황,2012,TX_315_2009_H1002,면적,Area,16315T2008_0012,㎡,460,㎡,소재지(시군구)별,By Administrative District,도시및비도시지역별,By Current Status,9970000,A,15315DSI001,15315HJG001002,중구,합계,Jung-gu,Total
도시·비도시지역 면적현황,2012,TX_315_2009_H1002,면적,Area,16315T2008_0012,㎡,460,㎡,소재지(시군구)별,By Administrative District,도시및비도시지역별,By Current Status,21870000,A,15315DSI001,15315HJG001003,용산구,합계,Yongsan-gu,Total
도시·비도시지역 면적현황,2012,TX_315_2009_H1002,면적,Area,16315T2008_0012,㎡,460,㎡,소재지(시군구)별,By Administrative District,도시및비도시지역별,By Current Status,16840000,A,15315DSI001,15315HJG001004,성동구,합계,Seongdong-gu,Total
도시·비도시지역 면적현황,2012,TX_315_2009_H1002,면적,Area,16315T2008_0012,㎡,460,㎡,소재지(시군구)별,By Administrative District,도시및비도시지역별,By Current Status,17050000,A,15315DSI001,15315HJG001005,광진구,합계,Gwangjin-gu,Total
도시·비도시지역 면적현황,2012,TX_315_2009_H1002,면적,Area,16315T2008_0012,㎡,460,㎡,소재지(시군구)별,By Administrative District,도시및비도시지역별,By Current Status,14220000,A,15315DSI001,15315HJG001006,동대문구,합계,dongdaemun-gu,Total
도시·비도시지역 면적현황,2012,TX_315_2009_H1002,면적,Area,16315T2008_0012,㎡,460,㎡,소재지(시군구)별,By Administrative District,도시및비도시지역별,By Current Status,18530000,A,15315DSI001,15315HJG001007,중랑구,합계,Jungrang-gu,Total
도시·비도시지역 면적현황,2012,TX_315_2009_H1002,면적,Area,16315T2008_0012,㎡,460,㎡,소재지(시군구)별,By Administrative District,도시및비도시지역별,By Current Status,24550000,A,15315DSI001,15315HJG001008,성북구,합계,Seongbuk-gu,Total
도시·비도시지역 면적현황,2012,TX_315_2009_H1002,면적,Area,16315T2008_0012,㎡,460,㎡,소재지(시군구)별,By Administrative District,도시및비도시지역별,By Current Status,23580000,A,15315DSI001,15315HJG001009,강북구,합계,Gangbuk-gu,Total
도시·비도시지역 면적현황,2012,TX_315_2009_H1002,면적,Area,16315T2008_0012,㎡,460,㎡,소재지(시군구)별,By Administrative District,도시및비도시지역별,By Current Status,20850000,A,15315DSI001,15315HJG001010,도봉구,합계,dobong-gu,Total
도시·비도시지역 면적현황,2012,TX_315_2009_H1002,면적,Area,16315T2008_0012,㎡,460,㎡,소재지(시군구)별,By Administrative District,도시및비도시지역별,By Current Status,35460000,A,15315DSI001,15315HJG001011,노원구,합계,Nowon-gu,Total
도시·비도시지역 면적현황,2012,TX_315_2009_H1002,면적,Area,16315T2008_0012,㎡,460,㎡,소재지(시군구)별,By Administrative District,도시및비도시지역별,By Current Status,29720000,A,15315DSI001,15315HJG001012,은평구,합계,Eunpyeong-gu,Total
도시·비도시지역 면적현황,2012,TX_315_2009_H1002,면적,Area,16315T2008_0012,㎡,460,㎡,소재지(시군구)별,By Administrative District,도시및비도시지역별,By Current Status,17600000,A,15315DSI001,15315HJG001013,서대문구,합계,Seodaemun-gu,Total
도시·비도시지역 면적현황,2012,TX_315_2009_H1002,면적,Area,16315T2008_0012,㎡,460,㎡,소재지(시군구)별,By Administrative District,도시및비도시지역별,By Current Status,23870000,A,15315DSI001,15315HJG001014,마포구,합계,Mapo-gu,Total
도시·비도시지역 면적현황,2012,TX_315_2009_H1002,면적,Area,16315T2008_0012,㎡,460,㎡,소재지(시군구)별,By Administrative District,도시및비도시지역별,By Current Status,17410000,A,15315DSI001,15315HJG001015,양천구,합계,Yangcheon-gu,Total
도시·비도시지역 면적현황,2012,TX_315_2009_H1002,면적,Area,16315T2008_0012,㎡,460,㎡,소재지(시군구)별,By Administrative District,도시및비도시지역별,By Current Status,41400000,A,15315DSI001,15315HJG001016,강서구,합계,Gangseo-gu,Total
도시·비도시지역 면적현황,2012,TX_315_2009_H1002,면적,Area,16315T2008_0012,㎡,460,㎡,소재지(시군구)별,By Administrative District,도시및비도시지역별,By Current Status,20120000,A,15315DSI001,15315HJG001017,구로구,합계,guro-gu,Total
도시·비도시지역 면적현황,2012,TX_315_2009_H1002,면적,Area,16315T2008_0012,㎡,460,㎡,소재지(시군구)별,By Administrative District,도시및비도시지역별,By Current Status,13370000,A,15315DSI001,15315HJG001018,금천구,합계,Geumcheon-gu,Total
도시·비도시지역 면적현황,2012,TX_315_2009_H1002,면적,Area,16315T2008_0012,㎡,460,㎡,소재지(시군구)별,By Administrative District,도시및비도시지역별,By Current Status,24560000,A,15315DSI001,15315HJG001019,영등포구,합계,Yeongdeungpo-gu,Total
도시·비도시지역 면적현황,2012,TX_315_2009_H1002,면적,Area,16315T2008_0012,㎡,460,㎡,소재지(시군구)별,By Administrative District,도시및비도시지역별,By Current Status,16350000,A,15315DSI001,15315HJG001020,동작구,합계,dongjak-gu,Total
도시·비도시지역 면적현황,2012,TX_315_2009_H1002,면적,Area,16315T2008_0012,㎡,460,㎡,소재지(시군구)별,By Administrative District,도시및비도시지역별,By Current Status,29570000,A,15315DSI001,15315HJG001021,관악구,합계,Gwanak-gu,Total
도시·비도시지역 면적현황,2012,TX_315_2009_H1002,면적,Area,16315T2008_0012,㎡,460,㎡,소재지(시군구)별,By Administrative District,도시및비도시지역별,By Current Status,47138000,A,15315DSI001,15315HJG001022,서초구,합계,Seocho-gu,Total
도시·비도시지역 면적현황,2012,TX_315_2009_H1002,면적,Area,16315T2008_0012,㎡,460,㎡,소재지(시군구)별,By Administrative District,도시및비도시지역별,By Current Status,39550000,A,15315DSI001,15315HJG001023,강남구,합계,Gangnam-gu,Total
도시·비도시지역 면적현황,2012,TX_315_2009_H1002,면적,Area,16315T2008_0012,㎡,460,㎡,소재지(시군구)별,By Administrative District,도시및비도시지역별,By Current Status,33890000,A,15315DSI001,15315HJG001024,송파구,합계,Songpa-gu,Total
도시·비도시지역 면적현황,2012,TX_315_2009_H1002,면적,Area,16315T2008_0012,㎡,460,㎡,소재지(시군구)별,By Administrative District,도시및비도시지역별,By Current Status,24580000,A,15315DSI001,15315HJG001025,강동구,합계,Gangdong-gu,Total
도시·비도시지역 면적현황,2012,TX_315_2009_H1002,면적,Area,16315T2008_0012,㎡,460,㎡,소재지(시군구)별,By Administrative District,도시및비도시지역별,By Current Status,995719552,A,15315DSI001,15315HJG002,부산광역시,합계,Busan,Total
도시·비도시지역 면적현황,2012,TX_315_2009_H1002,면적,Area,16315T2008_0012,㎡,460,㎡,소재지(시군구)별,By Administrative District,도시및비도시지역별,By Current Status,4466946,A,15315DSI001,15315HJG002001,중구,합계,Jung-gu,Total
도시·비도시지역 면적현황,2012,TX_315_2009_H1002,면적,Area,16315T2008_0012,㎡,460,㎡,소재지(시군구)별,By Administrative District,도시및비도시지역별,By Current Status,29362772,A,15315DSI001,15315HJG002002,서구,합계,Seo-gu,Total
도시·비도시지역 면적현황,2012,TX_315_2009_H1002,면적,Area,16315T2008_0012,㎡,460,㎡,소재지(시군구)별,By Administrative District,도시및비도시지역별,By Current Status,11593305,A,15315DSI001,15315HJG002003,동구,합계,dong-gu,Total
도시·비도시지역 면적현황,2012,TX_315_2009_H1002,면적,Area,16315T2008_0012,㎡,460,㎡,소재지(시군구)별,By Administrative District,도시및비도시지역별,By Current Status,56165682,A,15315DSI001,15315HJG002004,영도구,합계,Yeongdo-gu,Total
도시·비도시지역 면적현황,2012,TX_315_2009_H1002,면적,Area,16315T2008_0012,㎡,460,㎡,소재지(시군구)별,By Administrative District,도시및비도시지역별,By Current Status,29682617,A,15315DSI001,15315HJG002005,부산진구,합계,Busanjin-gu,Total
도시·비도시지역 면적현황,2012,TX_315_2009_H1002,면적,Area,16315T2008_0012,㎡,460,㎡,소재지(시군구)별,By Administrative District,도시및비도시지역별,By Current Status,16697577,A,15315DSI001,15315HJG002006,동래구,합계,dongrae-gu,Total
도시·비도시지역 면적현황,2012,TX_315_2009_H1002,면적,Area,16315T2008_0012,㎡,460,㎡,소재지(시군구)별,By Administrative District,도시및비도시지역별,By Current Status,42507261,A,15315DSI001,15315HJG002007,남구,합계,Nam-gu,Total
도시·비도시지역 면적현황,2012,TX_315_2009_H1002,면적,Area,16315T2008_0012,㎡,460,㎡,소재지(시군구)별,By Administrative District,도시및비도시지역별,By Current Status,39434038,A,15315DSI001,15315HJG002008,북구,합계,Buk-gu,Total
도시·비도시지역 면적현황,2012,TX_315_2009_H1002,면적,Area,16315T2008_0012,㎡,460,㎡,소재지(시군구)별,By Administrative District,도시및비도시지역별,By Current Status,55065412,A,15315DSI001,15315HJG002009,해운대구,합계,Haeundae-gu,Total
도시·비도시지역 면적현황,2012,TX_315_2009_H1002,면적,Area,16315T2008_0012,㎡,460,㎡,소재지(시군구)별,By Administrative District,도시및비도시지역별,By Current Status,85537835,A,15315DSI001,15315HJG002010,사하구,합계,Saha-gu,Total
도시·비도시지역 면적현황,2012,TX_315_2009_H1002,면적,Area,16315T2008_0012,㎡,460,㎡,소재지(시군구)별,By Administrative District,도시및비도시지역별,By Current Status,65179775,A,15315DSI001,15315HJG002011,금정구,합계,Geumjeong-gu,Total
도시·비도시지역 면적현황,2012,TX_315_2009_H1002,면적,Area,16315T2008_0012,㎡,460,㎡,소재지(시군구)별,By Administrative District,도시및비도시지역별,By Current Status,276156832,A,15315DSI001,15315HJG002012,강서구,합계,Gangseo-gu,Total
도시·비도시지역 면적현황,2012,TX_315_2009_H1002,면적,Area,16315T2008_0012,㎡,460,㎡,소재지(시군구)별,By Administrative District,도시및비도시지역별,By Current Status,12078474,A,15315DSI001,15315HJG002013,연제구,합계,Yeonje-gu,Total
도시·비도시지역 면적현황,2012,TX_315_2009_H1002,면적,Area,16315T2008_0012,㎡,460,㎡,소재지(시군구)별,By Administrative District,도시및비도시지역별,By Current Status,14084751,A,15315DSI001,15315HJG002014,수영구,합계,Suyeong-gu,Total
도시·비도시지역 면적현황,2012,TX_315_2009_H1002,면적,Area,16315T2008_0012,㎡,460,㎡,소재지(시군구)별,By Administrative District,도시및비도시지역별,By Current Status,36106274,A,15315DSI001,15315HJG002015,사상구,합계,Sasang-gu,Total
도시·비도시지역 면적현황,2012,TX_315_2009_H1002,면적,Area,16315T2008_0012,㎡,460,㎡,소재지(시군구)별,By Administrative District,도시및비도시지역별,By Current Status,221600001,A,15315DSI001,15315HJG002016,기장군,합계,Gijang-gun,Total
도시·비도시지역 면적현황,2012,TX_315_2009_H1002,면적,Area,16315T2008_0012,㎡,460,㎡,소재지(시군구)별,By Administrative District,도시및비도시지역별,By Current Status,883632421,A,15315DSI001,15315HJG003,대구광역시,합계,Daegu,Total
도시·비도시지역 면적현황,2012,TX_315_2009_H1002,면적,Area,16315T2008_0012,㎡,460,㎡,소재지(시군구)별,By Administrative District,도시및비도시지역별,By Current Status,7054176,A,15315DSI001,15315HJG003001,중구,합계,Jung-gu,Total
도시·비도시지역 면적현황,2012,TX_315_2009_H1002,면적,Area,16315T2008_0012,㎡,460,㎡,소재지(시군구)별,By Administrative District,도시및비도시지역별,By Current Status,17482649,A,15315DSI001,15315HJG003003,서구,합계,Seo-gu,Total
도시·비도시지역 면적현황,2012,TX_315_2009_H1002,면적,Area,16315T2008_0012,㎡,460,㎡,소재지(시군구)별,By Administrative District,도시및비도시지역별,By Current Status,17435317,A,15315DSI001,15315HJG003004,남구,합계,Nam-gu,Total
도시·비도시지역 면적현황,2012,TX_315_2009_H1002,면적,Area,16315T2008_0012,㎡,460,㎡,소재지(시군구)별,By Administrative District,도시및비도시지역별,By Current Status,94080734,A,15315DSI001,15315HJG003005,북구,합계,Buk-gu,Total
도시·비도시지역 면적현황,2012,TX_315_2009_H1002,면적,Area,16315T2008_0012,㎡,460,㎡,소재지(시군구)별,By Administrative District,도시및비도시지역별,By Current Status,76467812,A,15315DSI001,15315HJG003006,수성구,합계,Suseong-gu,Total
도시·비도시지역 면적현황,2012,TX_315_2009_H1002,면적,Area,16315T2008_0012,㎡,460,㎡,소재지(시군구)별,By Administrative District,도시및비도시지역별,By Current Status,182163257,A,15315DSI001,15315HJG003007,동구,합계,dong-gu,Total
도시·비도시지역 면적현황,2012,TX_315_2009_H1002,면적,Area,16315T2008_0012,㎡,460,㎡,소재지(시군구)별,By Administrative District,도시및비도시지역별,By Current Status,62341070,A,15315DSI001,15315HJG003008,달서구,합계,Dalseo-gu,Total
도시·비도시지역 면적현황,2012,TX_315_2009_H1002,면적,Area,16315T2008_0012,㎡,460,㎡,소재지(시군구)별,By Administrative District,도시및비도시지역별,By Current Status,426607406,A,15315DSI001,15315HJG003009,달성군,합계,Dalseong-gun,Total
도시·비도시지역 면적현황,2012,TX_315_2009_H1002,면적,Area,16315T2008_0012,㎡,460,㎡,소재지(시군구)별,By Administrative District,도시및비도시지역별,By Current Status,1157515953,A,15315DSI001,15315HJG004,인천광역시,합계,Incheon,Total
도시·비도시지역 면적현황,2012,TX_315_2009_H1002,면적,Area,16315T2008_0012,㎡,460,㎡,소재지(시군구)별,By Administrative District,도시및비도시지역별,By Current Status,141619206,A,15315DSI001,15315HJG004001,중구,합계,Jung-gu,Total
도시·비도시지역 면적현황,2012,TX_315_2009_H1002,면적,Area,16315T2008_0012,㎡,460,㎡,소재지(시군구)별,By Administrative District,도시및비도시지역별,By Current Status,7611194,A,15315DSI001,15315HJG004002,동구,합계,dong-gu,Total
도시·비도시지역 면적현황,2012,TX_315_2009_H1002,면적,Area,16315T2008_0012,㎡,460,㎡,소재지(시군구)별,By Administrative District,도시및비도시지역별,By Current Status,24840659,A,15315DSI001,15315HJG004003,남구,합계,Nam-gu,Total
도시·비도시지역 면적현황,2012,TX_315_2009_H1002,면적,Area,16315T2008_0012,㎡,460,㎡,소재지(시군구)별,By Administrative District,도시및비도시지역별,By Current Status,118979885,A,15315DSI001,15315HJG004004,연수구,합계,Yeonsu-gu,Total
도시·비도시지역 면적현황,2012,TX_315_2009_H1002,면적,Area,16315T2008_0012,㎡,460,㎡,소재지(시군구)별,By Administrative District,도시및비도시지역별,By Current Status,70415612,A,15315DSI001,15315HJG004005,남동구,합계,Namdong-gu,Total
도시·비도시지역 면적현황,2012,TX_315_2009_H1002,면적,Area,16315T2008_0012,㎡,460,㎡,소재지(시군구)별,By Administrative District,도시및비도시지역별,By Current Status,31984731,A,15315DSI001,15315HJG004006,부평구,합계,Bupyeong-gu,Total
도시·비도시지역 면적현황,2012,TX_315_2009_H1002,면적,Area,16315T2008_0012,㎡,460,㎡,소재지(시군구)별,By Administrative District,도시및비도시지역별,By Current Status,45549927,A,15315DSI001,15315HJG004007,계양구,합계,Gyeyang-gu,Total
도시·비도시지역 면적현황,2012,TX_315_2009_H1002,면적,Area,16315T2008_0012,㎡,460,㎡,소재지(시군구)별,By Administrative District,도시및비도시지역별,By Current Status,132093843,A,15315DSI001,15315HJG004008,서구,합계,Seo-gu,Total
도시·비도시지역 면적현황,2012,TX_315_2009_H1002,면적,Area,16315T2008_0012,㎡,460,㎡,소재지(시군구)별,By Administrative District,도시및비도시지역별,By Current Status,411765739,A,15315DSI001,15315HJG004009,강화군,합계,Ganghwa-gun,Total
도시·비도시지역 면적현황,2012,TX_315_2009_H1002,면적,Area,16315T2008_0012,㎡,460,㎡,소재지(시군구)별,By Administrative District,도시및비도시지역별,By Current Status,172655157,A,15315DSI001,15315HJG004011,옹진군,합계,Ongjin-gun,Total
도시·비도시지역 면적현황,2012,TX_315_2009_H1002,면적,Area,16315T2008_0012,㎡,460,㎡,소재지(시군구)별,By Administrative District,도시및비도시지역별,By Current Status,501187274,A,15315DSI001,15315HJG005,광주광역시,합계,Gwangju,Total
도시·비도시지역 면적현황,2012,TX_315_2009_H1002,면적,Area,16315T2008_0012,㎡,460,㎡,소재지(시군구)별,By Administrative District,도시및비도시지역별,By Current Status,49196644,A,15315DSI001,15315HJG005001,동구,합계,dong-gu,Total
도시·비도시지역 면적현황,2012,TX_315_2009_H1002,면적,Area,16315T2008_0012,㎡,460,㎡,소재지(시군구)별,By Administrative District,도시및비도시지역별,By Current Status,47780974,A,15315DSI001,15315HJG005002,서구,합계,Seo-gu,Total
도시·비도시지역 면적현황,2012,TX_315_2009_H1002,면적,Area,16315T2008_0012,㎡,460,㎡,소재지(시군구)별,By Administrative District,도시및비도시지역별,By Current Status,61022269,A,15315DSI001,15315HJG005003,남구,합계,Nam-gu,Total
도시·비도시지역 면적현황,2012,TX_315_2009_H1002,면적,Area,16315T2008_0012,㎡,460,㎡,소재지(시군구)별,By Administrative District,도시및비도시지역별,By Current Status,120297748,A,15315DSI001,15315HJG005004,북구,합계,Buk-gu,Total
도시·비도시지역 면적현황,2012,TX_315_2009_H1002,면적,Area,16315T2008_0012,㎡,460,㎡,소재지(시군구)별,By Administrative District,도시및비도시지역별,By Current Status,222889639,A,15315DSI001,15315HJG005005,광산구,합계,Gwangsan-gu,Total
도시·비도시지역 면적현황,2012,TX_315_2009_H1002,면적,Area,16315T2008_0012,㎡,460,㎡,소재지(시군구)별,By Administrative District,도시및비도시지역별,By Current Status,539700655,A,15315DSI001,15315HJG006,대전광역시,합계,Daejeon,Total
도시·비도시지역 면적현황,2012,TX_315_2009_H1002,면적,Area,16315T2008_0012,㎡,460,㎡,소재지(시군구)별,By Administrative District,도시및비도시지역별,By Current Status,136778000,A,15315DSI001,15315HJG006001,동구,합계,dong-gu,Total
도시·비도시지역 면적현황,2012,TX_315_2009_H1002,면적,Area,16315T2008_0012,㎡,460,㎡,소재지(시군구)별,By Administrative District,도시및비도시지역별,By Current Status,61975827,A,15315DSI001,15315HJG006002,중구,합계,Jung-gu,Total
도시·비도시지역 면적현황,2012,TX_315_2009_H1002,면적,Area,16315T2008_0012,㎡,460,㎡,소재지(시군구)별,By Administrative District,도시및비도시지역별,By Current Status,95275857,A,15315DSI001,15315HJG006003,서구,합계,Seo-gu,Total
도시·비도시지역 면적현황,2012,TX_315_2009_H1002,면적,Area,16315T2008_0012,㎡,460,㎡,소재지(시군구)별,By Administrative District,도시및비도시지역별,By Current Status,177251011,A,15315DSI001,15315HJG006004,유성구,합계,Yuseong-gu,Total
도시·비도시지역 면적현황,2012,TX_315_2009_H1002,면적,Area,16315T2008_0012,㎡,460,㎡,소재지(시군구)별,By Administrative District,도시및비도시지역별,By Current Status,68419960,A,15315DSI001,15315HJG006005,대덕구,합계,Daedeok-gu,Total
도시·비도시지역 면적현황,2012,TX_315_2009_H1002,면적,Area,16315T2008_0012,㎡,460,㎡,소재지(시군구)별,By Administrative District,도시및비도시지역별,By Current Status,1144593000,A,15315DSI001,15315HJG007,울산광역시,합계,Ulsan,Total
도시·비도시지역 면적현황,2012,TX_315_2009_H1002,면적,Area,16315T2008_0012,㎡,460,㎡,소재지(시군구)별,By Administrative District,도시및비도시지역별,By Current Status,37063741,A,15315DSI001,15315HJG007001,중구,합계,Jung-gu,Total
도시·비도시지역 면적현황,2012,TX_315_2009_H1002,면적,Area,16315T2008_0012,㎡,460,㎡,소재지(시군구)별,By Administrative District,도시및비도시지역별,By Current Status,73691355,A,15315DSI001,15315HJG007002,남구,합계,Nam-gu,Total
도시·비도시지역 면적현황,2012,TX_315_2009_H1002,면적,Area,16315T2008_0012,㎡,460,㎡,소재지(시군구)별,By Administrative District,도시및비도시지역별,By Current Status,36351722,A,15315DSI001,15315HJG007003,동구,합계,dong-gu,Total
도시·비도시지역 면적현황,2012,TX_315_2009_H1002,면적,Area,16315T2008_0012,㎡,460,㎡,소재지(시군구)별,By Administrative District,도시및비도시지역별,By Current Status,157871965,A,15315DSI001,15315HJG007004,북구,합계,Buk-gu,Total
도시·비도시지역 면적현황,2012,TX_315_2009_H1002,면적,Area,16315T2008_0012,㎡,460,㎡,소재지(시군구)별,By Administrative District,도시및비도시지역별,By Current Status,839614217,A,15315DSI001,15315HJG007005,울주군,합계,Ulju-gun,Total
도시·비도시지역 면적현황,2012,TX_315_2009_H1002,면적,Area,16315T2008_0012,㎡,460,㎡,소재지(시군구)별,By Administrative District,도시및비도시지역별,By Current Status,10367504970,A,15315DSI001,15315HJG008,경기도,합계,Gyeonggi-do,Total
도시·비도시지역 면적현황,2012,TX_315_2009_H1002,면적,Area,16315T2008_0012,㎡,460,㎡,소재지(시군구)별,By Administrative District,도시및비도시지역별,By Current Status,121103097,A,15315DSI001,15315HJG008001,수원시,합계,Suwon-si,Total
도시·비도시지역 면적현황,2012,TX_315_2009_H1002,면적,Area,16315T2008_0012,㎡,460,㎡,소재지(시군구)별,By Administrative District,도시및비도시지역별,By Current Status,141820899,A,15315DSI001,15315HJG008002,성남시,합계,Seongnam-si,Total
도시·비도시지역 면적현황,2012,TX_315_2009_H1002,면적,Area,16315T2008_0012,㎡,460,㎡,소재지(시군구)별,By Administrative District,도시및비도시지역별,By Current Status,81598379,A,15315DSI001,15315HJG008003,의정부시,합계,Uijeongbu-si,Total
도시·비도시지역 면적현황,2012,TX_315_2009_H1002,면적,Area,16315T2008_0012,㎡,460,㎡,소재지(시군구)별,By Administrative District,도시및비도시지역별,By Current Status,58458263,A,15315DSI001,15315HJG008004,안양시,합계,Anyang-si,Total
도시·비도시지역 면적현황,2012,TX_315_2009_H1002,면적,Area,16315T2008_0012,㎡,460,㎡,소재지(시군구)별,By Administrative District,도시및비도시지역별,By Current Status,53450000,A,15315DSI001,15315HJG008005,부천시,합계,Bucheon-si,Total
도시·비도시지역 면적현황,2012,TX_315_2009_H1002,면적,Area,16315T2008_0012,㎡,460,㎡,소재지(시군구)별,By Administrative District,도시및비도시지역별,By Current Status,38506550,A,15315DSI001,15315HJG008006,광명시,합계,Gwangmyeong-si,Total
도시·비도시지역 면적현황,2012,TX_315_2009_H1002,면적,Area,16315T2008_0012,㎡,460,㎡,소재지(시군구)별,By Administrative District,도시및비도시지역별,By Current Status,469603611,A,15315DSI001,15315HJG008007,평택시,합계,Pyeongtaek-si,Total
도시·비도시지역 면적현황,2012,TX_315_2009_H1002,면적,Area,16315T2008_0012,㎡,460,㎡,소재지(시군구)별,By Administrative District,도시및비도시지역별,By Current Status,95681000,A,15315DSI001,15315HJG008008,동두천시,합계,dongducheon-si,Total
도시·비도시지역 면적현황,2012,TX_315_2009_H1002,면적,Area,16315T2008_0012,㎡,460,㎡,소재지(시군구)별,By Administrative District,도시및비도시지역별,By Current Status,230307215,A,15315DSI001,15315HJG008009,안산시,합계,Ansan-si,Total
도시·비도시지역 면적현황,2012,TX_315_2009_H1002,면적,Area,16315T2008_0012,㎡,460,㎡,소재지(시군구)별,By Administrative District,도시및비도시지역별,By Current Status,267311267,A,15315DSI001,15315HJG008010,고양시,합계,Goyang-si,Total
도시·비도시지역 면적현황,2012,TX_315_2009_H1002,면적,Area,16315T2008_0012,㎡,460,㎡,소재지(시군구)별,By Administrative District,도시및비도시지역별,By Current Status,35853000,A,15315DSI001,15315HJG008011,과천시,합계,Gwacheon-si,Total
도시·비도시지역 면적현황,2012,TX_315_2009_H1002,면적,Area,16315T2008_0012,㎡,460,㎡,소재지(시군구)별,By Administrative District,도시및비도시지역별,By Current Status,33292045,A,15315DSI001,15315HJG008012,구리시,합계,guri-si,Total
도시·비도시지역 면적현황,2012,TX_315_2009_H1002,면적,Area,16315T2008_0012,㎡,460,㎡,소재지(시군구)별,By Administrative District,도시및비도시지역별,By Current Status,458502000,A,15315DSI001,15315HJG008013,남양주시,합계,Namyangju-si,Total
도시·비도시지역 면적현황,2012,TX_315_2009_H1002,면적,Area,16315T2008_0012,㎡,460,㎡,소재지(시군구)별,By Administrative District,도시및비도시지역별,By Current Status,42757000,A,15315DSI001,15315HJG008014,오산시,합계,Osan-si,Total
도시·비도시지역 면적현황,2012,TX_315_2009_H1002,면적,Area,16315T2008_0012,㎡,460,㎡,소재지(시군구)별,By Administrative District,도시및비도시지역별,By Current Status,133974164,A,15315DSI001,15315HJG008015,시흥시,합계,siheung-si,Total
도시·비도시지역 면적현황,2012,TX_315_2009_H1002,면적,Area,16315T2008_0012,㎡,460,㎡,소재지(시군구)별,By Administrative District,도시및비도시지역별,By Current Status,36460654,A,15315DSI001,15315HJG008016,군포시,합계,gunpo-si,Total
도시·비도시지역 면적현황,2012,TX_315_2009_H1002,면적,Area,16315T2008_0012,㎡,460,㎡,소재지(시군구)별,By Administrative District,도시및비도시지역별,By Current Status,54003117,A,15315DSI001,15315HJG008017,의왕시,합계,Uiwang-si,Total
도시·비도시지역 면적현황,2012,TX_315_2009_H1002,면적,Area,16315T2008_0012,㎡,460,㎡,소재지(시군구)별,By Administrative District,도시및비도시지역별,By Current Status,93069364,A,15315DSI001,15315HJG008018,하남시,합계,Hanam-si,Total
도시·비도시지역 면적현황,2012,TX_315_2009_H1002,면적,Area,16315T2008_0012,㎡,460,㎡,소재지(시군구)별,By Administrative District,도시및비도시지역별,By Current Status,591523000,A,15315DSI001,15315HJG008019,용인시,합계,Yongin-si,Total
도시·비도시지역 면적현황,2012,TX_315_2009_H1002,면적,Area,16315T2008_0012,㎡,460,㎡,소재지(시군구)별,By Administrative District,도시및비도시지역별,By Current Status,672417643,A,15315DSI001,15315HJG008020,파주시,합계,Paju-si,Total
도시·비도시지역 면적현황,2012,TX_315_2009_H1002,면적,Area,16315T2008_0012,㎡,460,㎡,소재지(시군구)별,By Administrative District,도시및비도시지역별,By Current Status,461217696,A,15315DSI001,15315HJG008021,이천시,합계,Icheon-si,Total
도시·비도시지역 면적현황,2012,TX_315_2009_H1002,면적,Area,16315T2008_0012,㎡,460,㎡,소재지(시군구)별,By Administrative District,도시및비도시지역별,By Current Status,553461828,A,15315DSI001,15315HJG008022,안성시,합계,Anseong-si,Total
도시·비도시지역 면적현황,2012,TX_315_2009_H1002,면적,Area,16315T2008_0012,㎡,460,㎡,소재지(시군구)별,By Administrative District,도시및비도시지역별,By Current Status,276586238,A,15315DSI001,15315HJG008023,김포시,합계,Gimpo-si,Total
도시·비도시지역 면적현황,2012,TX_315_2009_H1002,면적,Area,16315T2008_0012,㎡,460,㎡,소재지(시군구)별,By Administrative District,도시및비도시지역별,By Current Status,777510163,A,15315DSI001,15315HJG008024,화성시,합계,Hwaseong-si,Total
도시·비도시지역 면적현황,2012,TX_315_2009_H1002,면적,Area,16315T2008_0012,㎡,460,㎡,소재지(시군구)별,By Administrative District,도시및비도시지역별,By Current Status,430964918,A,15315DSI001,15315HJG008025,광주시,합계,Gwangju-si,Total
도시·비도시지역 면적현황,2012,TX_315_2009_H1002,면적,Area,16315T2008_0012,㎡,460,㎡,소재지(시군구)별,By Administrative District,도시및비도시지역별,By Current Status,310242192,A,15315DSI001,15315HJG008026,양주시,합계,Yangju-si,Total
도시·비도시지역 면적현황,2012,TX_315_2009_H1002,면적,Area,16315T2008_0012,㎡,460,㎡,소재지(시군구)별,By Administrative District,도시및비도시지역별,By Current Status,826444212,A,15315DSI001,15315HJG008027,포천시,합계,Pocheon-si,Total
도시·비도시지역 면적현황,2012,TX_315_2009_H1002,면적,Area,16315T2008_0012,㎡,460,㎡,소재지(시군구)별,By Administrative District,도시및비도시지역별,By Current Status,607701872,A,15315DSI001,15315HJG008028,여주군,합계,Yeoju-gun,Total
도시·비도시지역 면적현황,2012,TX_315_2009_H1002,면적,Area,16315T2008_0012,㎡,460,㎡,소재지(시군구)별,By Administrative District,도시및비도시지역별,By Current Status,695231000,A,15315DSI001,15315HJG008029,연천군,합계,Yeoncheon-gun,Total
도시·비도시지역 면적현황,2012,TX_315_2009_H1002,면적,Area,16315T2008_0012,㎡,460,㎡,소재지(시군구)별,By Administrative District,도시및비도시지역별,By Current Status,841446445,A,15315DSI001,15315HJG008030,가평군,합계,Gapyeong-gun,Total
도시·비도시지역 면적현황,2012,TX_315_2009_H1002,면적,Area,16315T2008_0012,㎡,460,㎡,소재지(시군구)별,By Administrative District,도시및비도시지역별,By Current Status,877006138,A,15315DSI001,15315HJG008031,양평군,합계,Yangpyeong-gun,Total
도시·비도시지역 면적현황,2012,TX_315_2009_H1002,면적,Area,16315T2008_0012,㎡,460,㎡,소재지(시군구)별,By Administrative District,도시및비도시지역별,By Current Status,16911508563,A,15315DSI001,15315HJG009,강원도,합계,Gangwon-do,Total
도시·비도시지역 면적현황,2012,TX_315_2009_H1002,면적,Area,16315T2008_0012,㎡,460,㎡,소재지(시군구)별,By Administrative District,도시및비도시지역별,By Current Status,1116831528,A,15315DSI001,15315HJG009001,춘천시,합계,Chuncheon-si,Total
도시·비도시지역 면적현황,2012,TX_315_2009_H1002,면적,Area,16315T2008_0012,㎡,460,㎡,소재지(시군구)별,By Administrative District,도시및비도시지역별,By Current Status,867639175,A,15315DSI001,15315HJG009002,원주시,합계,Wonju-si,Total
도시·비도시지역 면적현황,2012,TX_315_2009_H1002,면적,Area,16315T2008_0012,㎡,460,㎡,소재지(시군구)별,By Administrative District,도시및비도시지역별,By Current Status,1046657000,A,15315DSI001,15315HJG009003,강릉시,합계,Gangneung-si,Total
도시·비도시지역 면적현황,2012,TX_315_2009_H1002,면적,Area,16315T2008_0012,㎡,460,㎡,소재지(시군구)별,By Administrative District,도시및비도시지역별,By Current Status,198167320,A,15315DSI001,15315HJG009004,동해시,합계,donghae-si,Total
도시·비도시지역 면적현황,2012,TX_315_2009_H1002,면적,Area,16315T2008_0012,㎡,460,㎡,소재지(시군구)별,By Administrative District,도시및비도시지역별,By Current Status,303568000,A,15315DSI001,15315HJG009005,태백시,합계,Taebaek-si,Total
도시·비도시지역 면적현황,2012,TX_315_2009_H1002,면적,Area,16315T2008_0012,㎡,460,㎡,소재지(시군구)별,By Administrative District,도시및비도시지역별,By Current Status,110874372,A,15315DSI001,15315HJG009006,속초시,합계,Sokcho-si,Total
도시·비도시지역 면적현황,2012,TX_315_2009_H1002,면적,Area,16315T2008_0012,㎡,460,㎡,소재지(시군구)별,By Administrative District,도시및비도시지역별,By Current Status,1190928799,A,15315DSI001,15315HJG009007,삼척시,합계,Samcheok-si,Total
도시·비도시지역 면적현황,2012,TX_315_2009_H1002,면적,Area,16315T2008_0012,㎡,460,㎡,소재지(시군구)별,By Administrative District,도시및비도시지역별,By Current Status,1817969699,A,15315DSI001,15315HJG009008,홍천군,합계,Hongcheon-gun,Total
도시·비도시지역 면적현황,2012,TX_315_2009_H1002,면적,Area,16315T2008_0012,㎡,460,㎡,소재지(시군구)별,By Administrative District,도시및비도시지역별,By Current Status,997719170,A,15315DSI001,15315HJG009009,횡성군,합계,Hoengseong-gun,Total
도시·비도시지역 면적현황,2012,TX_315_2009_H1002,면적,Area,16315T2008_0012,㎡,460,㎡,소재지(시군구)별,By Administrative District,도시및비도시지역별,By Current Status,1128575523,A,15315DSI001,15315HJG009010,영월군,합계,Yeongwol-gun,Total
도시·비도시지역 면적현황,2012,TX_315_2009_H1002,면적,Area,16315T2008_0012,㎡,460,㎡,소재지(시군구)별,By Administrative District,도시및비도시지역별,By Current Status,1463600127,A,15315DSI001,15315HJG009011,평창군,합계,Pyeongchang-gun,Total
도시·비도시지역 면적현황,2012,TX_315_2009_H1002,면적,Area,16315T2008_0012,㎡,460,㎡,소재지(시군구)별,By Administrative District,도시및비도시지역별,By Current Status,1220676359,A,15315DSI001,15315HJG009012,정선군,합계,Jeongseon-gun,Total
도시·비도시지역 면적현황,2012,TX_315_2009_H1002,면적,Area,16315T2008_0012,㎡,460,㎡,소재지(시군구)별,By Administrative District,도시및비도시지역별,By Current Status,898440855,A,15315DSI001,15315HJG009013,철원군,합계,Cheolwon-gun,Total
도시·비도시지역 면적현황,2012,TX_315_2009_H1002,면적,Area,16315T2008_0012,㎡,460,㎡,소재지(시군구)별,By Administrative District,도시및비도시지역별,By Current Status,909079332,A,15315DSI001,15315HJG009014,화천군,합계,Hwacheon-gun,Total
도시·비도시지역 면적현황,2012,TX_315_2009_H1002,면적,Area,16315T2008_0012,㎡,460,㎡,소재지(시군구)별,By Administrative District,도시및비도시지역별,By Current Status,700861000,A,15315DSI001,15315HJG009015,양구군,합계,Yanggu-gun,Total
도시·비도시지역 면적현황,2012,TX_315_2009_H1002,면적,Area,16315T2008_0012,㎡,460,㎡,소재지(시군구)별,By Administrative District,도시및비도시지역별,By Current Status,1646223290,A,15315DSI001,15315HJG009016,인제군,합계,Inje-gun,Total
도시·비도시지역 면적현황,2012,TX_315_2009_H1002,면적,Area,16315T2008_0012,㎡,460,㎡,소재지(시군구)별,By Administrative District,도시및비도시지역별,By Current Status,664683014,A,15315DSI001,15315HJG009017,고성군,합계,Goseong-gun,Total
도시·비도시지역 면적현황,2012,TX_315_2009_H1002,면적,Area,16315T2008_0012,㎡,460,㎡,소재지(시군구)별,By Administrative District,도시및비도시지역별,By Current Status,629014000,A,15315DSI001,15315HJG009018,양양군,합계,Yangyang-gun,Total
도시·비도시지역 면적현황,2012,TX_315_2009_H1002,면적,Area,16315T2008_0012,㎡,460,㎡,소재지(시군구)별,By Administrative District,도시및비도시지역별,By Current Status,7403154278,A,15315DSI001,15315HJG010,충청북도,합계,Chungcheongbuk-do,Total
도시·비도시지역 면적현황,2012,TX_315_2009_H1002,면적,Area,16315T2008_0012,㎡,460,㎡,소재지(시군구)별,By Administrative District,도시및비도시지역별,By Current Status,153522000,A,15315DSI001,15315HJG010001,청주시,합계,Cheongju-si,Total
도시·비도시지역 면적현황,2012,TX_315_2009_H1002,면적,Area,16315T2008_0012,㎡,460,㎡,소재지(시군구)별,By Administrative District,도시및비도시지역별,By Current Status,983763850,A,15315DSI001,15315HJG010002,충주시,합계,Chungju-si,Total
도시·비도시지역 면적현황,2012,TX_315_2009_H1002,면적,Area,16315T2008_0012,㎡,460,㎡,소재지(시군구)별,By Administrative District,도시및비도시지역별,By Current Status,883024748,A,15315DSI001,15315HJG010003,제천시,합계,Jecheon-si,Total
도시·비도시지역 면적현황,2012,TX_315_2009_H1002,면적,Area,16315T2008_0012,㎡,460,㎡,소재지(시군구)별,By Administrative District,도시및비도시지역별,By Current Status,786701322,A,15315DSI001,15315HJG010004,청원군,합계,Cheongwon-gun,Total
도시·비도시지역 면적현황,2012,TX_315_2009_H1002,면적,Area,16315T2008_0012,㎡,460,㎡,소재지(시군구)별,By Administrative District,도시및비도시지역별,By Current Status,584480000,A,15315DSI001,15315HJG010005,보은군,합계,Boeun-gun,Total
도시·비도시지역 면적현황,2012,TX_315_2009_H1002,면적,Area,16315T2008_0012,㎡,460,㎡,소재지(시군구)별,By Administrative District,도시및비도시지역별,By Current Status,537106066,A,15315DSI001,15315HJG010006,옥천군,합계,Okcheon-gun,Total
도시·비도시지역 면적현황,2012,TX_315_2009_H1002,면적,Area,16315T2008_0012,㎡,460,㎡,소재지(시군구)별,By Administrative District,도시및비도시지역별,By Current Status,844985000,A,15315DSI001,15315HJG010007,영동군,합계,Yeongdong-gun,Total
도시·비도시지역 면적현황,2012,TX_315_2009_H1002,면적,Area,16315T2008_0012,㎡,460,㎡,소재지(시군구)별,By Administrative District,도시및비도시지역별,By Current Status,406231748,A,15315DSI001,15315HJG010008,진천군,합계,Jincheon-gun,Total
도시·비도시지역 면적현황,2012,TX_315_2009_H1002,면적,Area,16315T2008_0012,㎡,460,㎡,소재지(시군구)별,By Administrative District,도시및비도시지역별,By Current Status,841929000,A,15315DSI001,15315HJG010009,괴산군,합계,Goesan-gun,Total
도시·비도시지역 면적현황,2012,TX_315_2009_H1002,면적,Area,16315T2008_0012,㎡,460,㎡,소재지(시군구)별,By Administrative District,도시및비도시지역별,By Current Status,518538390,A,15315DSI001,15315HJG010010,음성군,합계,Eumseong-gun,Total
도시·비도시지역 면적현황,2012,TX_315_2009_H1002,면적,Area,16315T2008_0012,㎡,460,㎡,소재지(시군구)별,By Administrative District,도시및비도시지역별,By Current Status,781040154,A,15315DSI001,15315HJG010011,단양군,합계,Danyang-gun,Total
도시·비도시지역 면적현황,2012,TX_315_2009_H1002,면적,Area,16315T2008_0012,㎡,460,㎡,소재지(시군구)별,By Administrative District,도시및비도시지역별,By Current Status,81832000,A,15315DSI001,15315HJG010012,증평군,합계,Jeungpyeong-gun,Total
도시·비도시지역 면적현황,2012,TX_315_2009_H1002,면적,Area,16315T2008_0012,㎡,460,㎡,소재지(시군구)별,By Administrative District,도시및비도시지역별,By Current Status,8769681694,A,15315DSI001,15315HJG011,충청남도,합계,Chungcheongnam-do,Total
도시·비도시지역 면적현황,2012,TX_315_2009_H1002,면적,Area,16315T2008_0012,㎡,460,㎡,소재지(시군구)별,By Administrative District,도시및비도시지역별,By Current Status,636250782,A,15315DSI001,15315HJG011001,천안시,합계,Cheonan-si,Total
도시·비도시지역 면적현황,2012,TX_315_2009_H1002,면적,Area,16315T2008_0012,㎡,460,㎡,소재지(시군구)별,By Administrative District,도시및비도시지역별,By Current Status,863538714,A,15315DSI001,15315HJG011002,공주시,합계,Gongju-si,Total
도시·비도시지역 면적현황,2012,TX_315_2009_H1002,면적,Area,16315T2008_0012,㎡,460,㎡,소재지(시군구)별,By Administrative District,도시및비도시지역별,By Current Status,601019663,A,15315DSI001,15315HJG011003,보령시,합계,Boryeong-si,Total
도시·비도시지역 면적현황,2012,TX_315_2009_H1002,면적,Area,16315T2008_0012,㎡,460,㎡,소재지(시군구)별,By Administrative District,도시및비도시지역별,By Current Status,542305000,A,15315DSI001,15315HJG011004,아산시,합계,Asan-si,Total
도시·비도시지역 면적현황,2012,TX_315_2009_H1002,면적,Area,16315T2008_0012,㎡,460,㎡,소재지(시군구)별,By Administrative District,도시및비도시지역별,By Current Status,804467953,A,15315DSI001,15315HJG011005,서산시,합계,Seosan-si,Total
도시·비도시지역 면적현황,2012,TX_315_2009_H1002,면적,Area,16315T2008_0012,㎡,460,㎡,소재지(시군구)별,By Administrative District,도시및비도시지역별,By Current Status,554842930,A,15315DSI001,15315HJG011006,논산시,합계,Nonsan-si,Total
도시·비도시지역 면적현황,2012,TX_315_2009_H1002,면적,Area,16315T2008_0012,㎡,460,㎡,소재지(시군구)별,By Administrative District,도시및비도시지역별,By Current Status,60681981,A,15315DSI001,15315HJG011007,계룡시,합계,Gyeryong-si,Total
도시·비도시지역 면적현황,2012,TX_315_2009_H1002,면적,Area,16315T2008_0012,㎡,460,㎡,소재지(시군구)별,By Administrative District,도시및비도시지역별,By Current Status,576292852,A,15315DSI001,15315HJG011008,금산군,합계,Geumsan-gun,Total
도시·비도시지역 면적현황,2012,TX_315_2009_H1002,면적,Area,16315T2008_0012,㎡,460,㎡,소재지(시군구)별,By Administrative District,도시및비도시지역별,By Current Status,624497495,A,15315DSI001,15315HJG011010,부여군,합계,Buyeo-gun,Total
도시·비도시지역 면적현황,2012,TX_315_2009_H1002,면적,Area,16315T2008_0012,㎡,460,㎡,소재지(시군구)별,By Administrative District,도시및비도시지역별,By Current Status,358049184,A,15315DSI001,15315HJG011011,서천군,합계,Seocheon-gun,Total
도시·비도시지역 면적현황,2012,TX_315_2009_H1002,면적,Area,16315T2008_0012,㎡,460,㎡,소재지(시군구)별,By Administrative District,도시및비도시지역별,By Current Status,479632611,A,15315DSI001,15315HJG011012,청양군,합계,Cheongyang-gun,Total
도시·비도시지역 면적현황,2012,TX_315_2009_H1002,면적,Area,16315T2008_0012,㎡,460,㎡,소재지(시군구)별,By Administrative District,도시및비도시지역별,By Current Status,473392661,A,15315DSI001,15315HJG011013,홍성군,합계,Hongseong-gun,Total
도시·비도시지역 면적현황,2012,TX_315_2009_H1002,면적,Area,16315T2008_0012,㎡,460,㎡,소재지(시군구)별,By Administrative District,도시및비도시지역별,By Current Status,542270341,A,15315DSI001,15315HJG011014,예산군,합계,Yesan-gun,Total
도시·비도시지역 면적현황,2012,TX_315_2009_H1002,면적,Area,16315T2008_0012,㎡,460,㎡,소재지(시군구)별,By Administrative District,도시및비도시지역별,By Current Status,935324973,A,15315DSI001,15315HJG011015,태안군,합계,Taean-gun,Total
도시·비도시지역 면적현황,2012,TX_315_2009_H1002,면적,Area,16315T2008_0012,㎡,460,㎡,소재지(시군구)별,By Administrative District,도시및비도시지역별,By Current Status,717114554,A,15315DSI001,15315HJG011017,당진시,합계,Dangjin-si,Total
도시·비도시지역 면적현황,2012,TX_315_2009_H1002,면적,Area,16315T2008_0012,㎡,460,㎡,소재지(시군구)별,By Administrative District,도시및비도시지역별,By Current Status,8127892970,A,15315DSI001,15315HJG012,전라북도,합계,Jeollabuk-do,Total
도시·비도시지역 면적현황,2012,TX_315_2009_H1002,면적,Area,16315T2008_0012,㎡,460,㎡,소재지(시군구)별,By Administrative District,도시및비도시지역별,By Current Status,206276300,A,15315DSI001,15315HJG012001,전주시,합계,Jeonju-si,Total
도시·비도시지역 면적현황,2012,TX_315_2009_H1002,면적,Area,16315T2008_0012,㎡,460,㎡,소재지(시군구)별,By Administrative District,도시및비도시지역별,By Current Status,456524971,A,15315DSI001,15315HJG012002,군산시,합계,gunsan-si,Total
도시·비도시지역 면적현황,2012,TX_315_2009_H1002,면적,Area,16315T2008_0012,㎡,460,㎡,소재지(시군구)별,By Administrative District,도시및비도시지역별,By Current Status,506925496,A,15315DSI001,15315HJG012003,익산시,합계,Iksan-si,Total
도시·비도시지역 면적현황,2012,TX_315_2009_H1002,면적,Area,16315T2008_0012,㎡,460,㎡,소재지(시군구)별,By Administrative District,도시및비도시지역별,By Current Status,692810652,A,15315DSI001,15315HJG012004,정읍시,합계,Jeongeup-si,Total
도시·비도시지역 면적현황,2012,TX_315_2009_H1002,면적,Area,16315T2008_0012,㎡,460,㎡,소재지(시군구)별,By Administrative District,도시및비도시지역별,By Current Status,752810000,A,15315DSI001,15315HJG012005,남원시,합계,Namwon-si,Total
도시·비도시지역 면적현황,2012,TX_315_2009_H1002,면적,Area,16315T2008_0012,㎡,460,㎡,소재지(시군구)별,By Administrative District,도시및비도시지역별,By Current Status,545023733,A,15315DSI001,15315HJG012006,김제시,합계,Gimje-si,Total
도시·비도시지역 면적현황,2012,TX_315_2009_H1002,면적,Area,16315T2008_0012,㎡,460,㎡,소재지(시군구)별,By Administrative District,도시및비도시지역별,By Current Status,822444978,A,15315DSI001,15315HJG012007,완주군,합계,Wanju-gun,Total
도시·비도시지역 면적현황,2012,TX_315_2009_H1002,면적,Area,16315T2008_0012,㎡,460,㎡,소재지(시군구)별,By Administrative District,도시및비도시지역별,By Current Status,789069197,A,15315DSI001,15315HJG012008,진안군,합계,Jinan-gun,Total
도시·비도시지역 면적현황,2012,TX_315_2009_H1002,면적,Area,16315T2008_0012,㎡,460,㎡,소재지(시군구)별,By Administrative District,도시및비도시지역별,By Current Status,631679000,A,15315DSI001,15315HJG012009,무주군,합계,Muju-gun,Total
도시·비도시지역 면적현황,2012,TX_315_2009_H1002,면적,Area,16315T2008_0012,㎡,460,㎡,소재지(시군구)별,By Administrative District,도시및비도시지역별,By Current Status,533646225,A,15315DSI001,15315HJG012010,장수군,합계,Jangsu-gun,Total
도시·비도시지역 면적현황,2012,TX_315_2009_H1002,면적,Area,16315T2008_0012,㎡,460,㎡,소재지(시군구)별,By Administrative District,도시및비도시지역별,By Current Status,596876000,A,15315DSI001,15315HJG012011,임실군,합계,Imsil-gun,Total
도시·비도시지역 면적현황,2012,TX_315_2009_H1002,면적,Area,16315T2008_0012,㎡,460,㎡,소재지(시군구)별,By Administrative District,도시및비도시지역별,By Current Status,495698000,A,15315DSI001,15315HJG012012,순창군,합계,Sunchang-gun,Total
도시·비도시지역 면적현황,2012,TX_315_2009_H1002,면적,Area,16315T2008_0012,㎡,460,㎡,소재지(시군구)별,By Administrative District,도시및비도시지역별,By Current Status,605892211,A,15315DSI001,15315HJG012013,고창군,합계,Gochang-gun,Total
도시·비도시지역 면적현황,2012,TX_315_2009_H1002,면적,Area,16315T2008_0012,㎡,460,㎡,소재지(시군구)별,By Administrative District,도시및비도시지역별,By Current Status,492216207,A,15315DSI001,15315HJG012014,부안군,합계,Buan-gun,Total
도시·비도시지역 면적현황,2012,TX_315_2009_H1002,면적,Area,16315T2008_0012,㎡,460,㎡,소재지(시군구)별,By Administrative District,도시및비도시지역별,By Current Status,15369828512,A,15315DSI001,15315HJG013,전라남도,합계,Jeollanam-do,Total
도시·비도시지역 면적현황,2012,TX_315_2009_H1002,면적,Area,16315T2008_0012,㎡,460,㎡,소재지(시군구)별,By Administrative District,도시및비도시지역별,By Current Status,112490000,A,15315DSI001,15315HJG013001,목포시,합계,Mokpo-si,Total
도시·비도시지역 면적현황,2012,TX_315_2009_H1002,면적,Area,16315T2008_0012,㎡,460,㎡,소재지(시군구)별,By Administrative District,도시및비도시지역별,By Current Status,1024816218,A,15315DSI001,15315HJG013002,여수시,합계,Yeosu-si,Total
도시·비도시지역 면적현황,2012,TX_315_2009_H1002,면적,Area,16315T2008_0012,㎡,460,㎡,소재지(시군구)별,By Administrative District,도시및비도시지역별,By Current Status,935731067,A,15315DSI001,15315HJG013003,순천시,합계,Suncheon-si,Total
도시·비도시지역 면적현황,2012,TX_315_2009_H1002,면적,Area,16315T2008_0012,㎡,460,㎡,소재지(시군구)별,By Administrative District,도시및비도시지역별,By Current Status,608622754,A,15315DSI001,15315HJG013004,나주시,합계,Naju-si,Total
도시·비도시지역 면적현황,2012,TX_315_2009_H1002,면적,Area,16315T2008_0012,㎡,460,㎡,소재지(시군구)별,By Administrative District,도시및비도시지역별,By Current Status,497647000,A,15315DSI001,15315HJG013005,광양시,합계,Gwangyang-si,Total
도시·비도시지역 면적현황,2012,TX_315_2009_H1002,면적,Area,16315T2008_0012,㎡,460,㎡,소재지(시군구)별,By Administrative District,도시및비도시지역별,By Current Status,455002085,A,15315DSI001,15315HJG013006,담양군,합계,Damyang-gun,Total
도시·비도시지역 면적현황,2012,TX_315_2009_H1002,면적,Area,16315T2008_0012,㎡,460,㎡,소재지(시군구)별,By Administrative District,도시및비도시지역별,By Current Status,548420700,A,15315DSI001,15315HJG013007,곡성군,합계,Gokseong-gun,Total
도시·비도시지역 면적현황,2012,TX_315_2009_H1002,면적,Area,16315T2008_0012,㎡,460,㎡,소재지(시군구)별,By Administrative District,도시및비도시지역별,By Current Status,443137220,A,15315DSI001,15315HJG013008,구례군,합계,gurye-gun,Total
도시·비도시지역 면적현황,2012,TX_315_2009_H1002,면적,Area,16315T2008_0012,㎡,460,㎡,소재지(시군구)별,By Administrative District,도시및비도시지역별,By Current Status,1179465906,A,15315DSI001,15315HJG013009,고흥군,합계,Goheung-gun,Total
도시·비도시지역 면적현황,2012,TX_315_2009_H1002,면적,Area,16315T2008_0012,㎡,460,㎡,소재지(시군구)별,By Administrative District,도시및비도시지역별,By Current Status,743525968,A,15315DSI001,15315HJG013010,보성군,합계,Boseong-gun,Total
도시·비도시지역 면적현황,2012,TX_315_2009_H1002,면적,Area,16315T2008_0012,㎡,460,㎡,소재지(시군구)별,By Administrative District,도시및비도시지역별,By Current Status,786840717,A,15315DSI001,15315HJG013011,화순군,합계,Hwasun-gun,Total
도시·비도시지역 면적현황,2012,TX_315_2009_H1002,면적,Area,16315T2008_0012,㎡,460,㎡,소재지(시군구)별,By Administrative District,도시및비도시지역별,By Current Status,649319500,A,15315DSI001,15315HJG013012,장흥군,합계,Jangheung-gun,Total
도시·비도시지역 면적현황,2012,TX_315_2009_H1002,면적,Area,16315T2008_0012,㎡,460,㎡,소재지(시군구)별,By Administrative District,도시및비도시지역별,By Current Status,563223000,A,15315DSI001,15315HJG013013,강진군,합계,Gangjin-gun,Total
도시·비도시지역 면적현황,2012,TX_315_2009_H1002,면적,Area,16315T2008_0012,㎡,460,㎡,소재지(시군구)별,By Administrative District,도시및비도시지역별,By Current Status,963831716,A,15315DSI001,15315HJG013014,해남군,합계,Haenam-gun,Total
도시·비도시지역 면적현황,2012,TX_315_2009_H1002,면적,Area,16315T2008_0012,㎡,460,㎡,소재지(시군구)별,By Administrative District,도시및비도시지역별,By Current Status,630799300,A,15315DSI001,15315HJG013015,영암군,합계,Yeongam-gun,Total
도시·비도시지역 면적현황,2012,TX_315_2009_H1002,면적,Area,16315T2008_0012,㎡,460,㎡,소재지(시군구)별,By Administrative District,도시및비도시지역별,By Current Status,533302507,A,15315DSI001,15315HJG013016,무안군,합계,Muan-gun,Total
도시·비도시지역 면적현황,2012,TX_315_2009_H1002,면적,Area,16315T2008_0012,㎡,460,㎡,소재지(시군구)별,By Administrative District,도시및비도시지역별,By Current Status,425671862,A,15315DSI001,15315HJG013017,함평군,합계,Hampyeong-gun,Total
도시·비도시지역 면적현황,2012,TX_315_2009_H1002,면적,Area,16315T2008_0012,㎡,460,㎡,소재지(시군구)별,By Administrative District,도시및비도시지역별,By Current Status,554623163,A,15315DSI001,15315HJG013018,영광군,합계,Yeonggwang-gun,Total
도시·비도시지역 면적현황,2012,TX_315_2009_H1002,면적,Area,16315T2008_0012,㎡,460,㎡,소재지(시군구)별,By Administrative District,도시및비도시지역별,By Current Status,518581000,A,15315DSI001,15315HJG013019,장성군,합계,Jangseong-gun,Total
도시·비도시지역 면적현황,2012,TX_315_2009_H1002,면적,Area,16315T2008_0012,㎡,460,㎡,소재지(시군구)별,By Administrative District,도시및비도시지역별,By Current Status,1079716987,A,15315DSI001,15315HJG013020,완도군,합계,Wando-gun,Total
도시·비도시지역 면적현황,2012,TX_315_2009_H1002,면적,Area,16315T2008_0012,㎡,460,㎡,소재지(시군구)별,By Administrative District,도시및비도시지역별,By Current Status,994064442,A,15315DSI001,15315HJG013021,진도군,합계,Jindo-gun,Total
도시·비도시지역 면적현황,2012,TX_315_2009_H1002,면적,Area,16315T2008_0012,㎡,460,㎡,소재지(시군구)별,By Administrative District,도시및비도시지역별,By Current Status,1120995400,A,15315DSI001,15315HJG013022,신안군,합계,sinan-gun,Total
도시·비도시지역 면적현황,2012,TX_315_2009_H1002,면적,Area,16315T2008_0012,㎡,460,㎡,소재지(시군구)별,By Administrative District,도시및비도시지역별,By Current Status,19129424956,A,15315DSI001,15315HJG014,경상북도,합계,Gyeongsangbuk-do,Total
도시·비도시지역 면적현황,2012,TX_315_2009_H1002,면적,Area,16315T2008_0012,㎡,460,㎡,소재지(시군구)별,By Administrative District,도시및비도시지역별,By Current Status,1224857914,A,15315DSI001,15315HJG014001,포항시,합계,Pohang-si,Total
도시·비도시지역 면적현황,2012,TX_315_2009_H1002,면적,Area,16315T2008_0012,㎡,460,㎡,소재지(시군구)별,By Administrative District,도시및비도시지역별,By Current Status,1325056891,A,15315DSI001,15315HJG014002,경주시,합계,Gyeongju-si,Total
도시·비도시지역 면적현황,2012,TX_315_2009_H1002,면적,Area,16315T2008_0012,㎡,460,㎡,소재지(시군구)별,By Administrative District,도시및비도시지역별,By Current Status,1009090000,A,15315DSI001,15315HJG014003,김천시,합계,Gimcheon-si,Total
도시·비도시지역 면적현황,2012,TX_315_2009_H1002,면적,Area,16315T2008_0012,㎡,460,㎡,소재지(시군구)별,By Administrative District,도시및비도시지역별,By Current Status,1520910000,A,15315DSI001,15315HJG014004,안동시,합계,andong-si,Total
도시·비도시지역 면적현황,2012,TX_315_2009_H1002,면적,Area,16315T2008_0012,㎡,460,㎡,소재지(시군구)별,By Administrative District,도시및비도시지역별,By Current Status,616251000,A,15315DSI001,15315HJG014005,구미시,합계,gumi-si,Total
도시·비도시지역 면적현황,2012,TX_315_2009_H1002,면적,Area,16315T2008_0012,㎡,460,㎡,소재지(시군구)별,By Administrative District,도시및비도시지역별,By Current Status,668870000,A,15315DSI001,15315HJG014006,영주시,합계,Yeongju-si,Total
도시·비도시지역 면적현황,2012,TX_315_2009_H1002,면적,Area,16315T2008_0012,㎡,460,㎡,소재지(시군구)별,By Administrative District,도시및비도시지역별,By Current Status,919944000,A,15315DSI001,15315HJG014007,영천시,합계,Yeongcheon-si,Total
도시·비도시지역 면적현황,2012,TX_315_2009_H1002,면적,Area,16315T2008_0012,㎡,460,㎡,소재지(시군구)별,By Administrative District,도시및비도시지역별,By Current Status,1254863414,A,15315DSI001,15315HJG014008,상주시,합계,Sangju-si,Total
도시·비도시지역 면적현황,2012,TX_315_2009_H1002,면적,Area,16315T2008_0012,㎡,460,㎡,소재지(시군구)별,By Administrative District,도시및비도시지역별,By Current Status,912082093,A,15315DSI001,15315HJG014009,문경시,합계,Mungyeong-si,Total
도시·비도시지역 면적현황,2012,TX_315_2009_H1002,면적,Area,16315T2008_0012,㎡,460,㎡,소재지(시군구)별,By Administrative District,도시및비도시지역별,By Current Status,411815238,A,15315DSI001,15315HJG014010,경산시,합계,Gyeongsan-si,Total
도시·비도시지역 면적현황,2012,TX_315_2009_H1002,면적,Area,16315T2008_0012,㎡,460,㎡,소재지(시군구)별,By Administrative District,도시및비도시지역별,By Current Status,614152000,A,15315DSI001,15315HJG014011,군위군,합계,gunwi-gun,Total
도시·비도시지역 면적현황,2012,TX_315_2009_H1002,면적,Area,16315T2008_0012,㎡,460,㎡,소재지(시군구)별,By Administrative District,도시및비도시지역별,By Current Status,1175793610,A,15315DSI001,15315HJG014012,의성군,합계,Uiseong-gun,Total
도시·비도시지역 면적현황,2012,TX_315_2009_H1002,면적,Area,16315T2008_0012,㎡,460,㎡,소재지(시군구)별,By Administrative District,도시및비도시지역별,By Current Status,847056851,A,15315DSI001,15315HJG014013,청송군,합계,Cheongsong-gun,Total
도시·비도시지역 면적현황,2012,TX_315_2009_H1002,면적,Area,16315T2008_0012,㎡,460,㎡,소재지(시군구)별,By Administrative District,도시및비도시지역별,By Current Status,815233003,A,15315DSI001,15315HJG014014,영양군,합계,Yeongyang-gun,Total
도시·비도시지역 면적현황,2012,TX_315_2009_H1002,면적,Area,16315T2008_0012,㎡,460,㎡,소재지(시군구)별,By Administrative District,도시및비도시지역별,By Current Status,741856000,A,15315DSI001,15315HJG014015,영덕군,합계,Yeongdeok-gun,Total
도시·비도시지역 면적현황,2012,TX_315_2009_H1002,면적,Area,16315T2008_0012,㎡,460,㎡,소재지(시군구)별,By Administrative District,도시및비도시지역별,By Current Status,696533000,A,15315DSI001,15315HJG014016,청도군,합계,Cheongdo-gun,Total
도시·비도시지역 면적현황,2012,TX_315_2009_H1002,면적,Area,16315T2008_0012,㎡,460,㎡,소재지(시군구)별,By Administrative District,도시및비도시지역별,By Current Status,384048324,A,15315DSI001,15315HJG014017,고령군,합계,Goryeong-gun,Total
도시·비도시지역 면적현황,2012,TX_315_2009_H1002,면적,Area,16315T2008_0012,㎡,460,㎡,소재지(시군구)별,By Administrative District,도시및비도시지역별,By Current Status,616158460,A,15315DSI001,15315HJG014018,성주군,합계,Seongju-gun,Total
도시·비도시지역 면적현황,2012,TX_315_2009_H1002,면적,Area,16315T2008_0012,㎡,460,㎡,소재지(시군구)별,By Administrative District,도시및비도시지역별,By Current Status,450909969,A,15315DSI001,15315HJG014019,칠곡군,합계,Chilgok-gun,Total
도시·비도시지역 면적현황,2012,TX_315_2009_H1002,면적,Area,16315T2008_0012,㎡,460,㎡,소재지(시군구)별,By Administrative District,도시및비도시지역별,By Current Status,660714886,A,15315DSI001,15315HJG014020,예천군,합계,Yecheon-gun,Total
도시·비도시지역 면적현황,2012,TX_315_2009_H1002,면적,Area,16315T2008_0012,㎡,460,㎡,소재지(시군구)별,By Administrative District,도시및비도시지역별,By Current Status,1201029286,A,15315DSI001,15315HJG014021,봉화군,합계,Bonghwa-gun,Total
도시·비도시지역 면적현황,2012,TX_315_2009_H1002,면적,Area,16315T2008_0012,㎡,460,㎡,소재지(시군구)별,By Administrative District,도시및비도시지역별,By Current Status,989183228,A,15315DSI001,15315HJG014022,울진군,합계,Uljin-gun,Total
도시·비도시지역 면적현황,2012,TX_315_2009_H1002,면적,Area,16315T2008_0012,㎡,460,㎡,소재지(시군구)별,By Administrative District,도시및비도시지역별,By Current Status,73015789,A,15315DSI001,15315HJG014023,울릉군,합계,Ulleung-gun,Total
도시·비도시지역 면적현황,2012,TX_315_2009_H1002,면적,Area,16315T2008_0012,㎡,460,㎡,소재지(시군구)별,By Administrative District,도시및비도시지역별,By Current Status,11754026645,A,15315DSI001,15315HJG015,경상남도,합계,Gyeongsangnam-do,Total
도시·비도시지역 면적현황,2012,TX_315_2009_H1002,면적,Area,16315T2008_0012,㎡,460,㎡,소재지(시군구)별,By Administrative District,도시및비도시지역별,By Current Status,859002296,A,15315DSI001,15315HJG015001,창원시,합계,Changwon-si,Total
도시·비도시지역 면적현황,2012,TX_315_2009_H1002,면적,Area,16315T2008_0012,㎡,460,㎡,소재지(시군구)별,By Administrative District,도시및비도시지역별,By Current Status,712840000,A,15315DSI001,15315HJG015003,진주시,합계,Jinju-si,Total
도시·비도시지역 면적현황,2012,TX_315_2009_H1002,면적,Area,16315T2008_0012,㎡,460,㎡,소재지(시군구)별,By Administrative District,도시및비도시지역별,By Current Status,848662589,A,15315DSI001,15315HJG015005,통영시,합계,Tongyeong-si,Total
도시·비도시지역 면적현황,2012,TX_315_2009_H1002,면적,Area,16315T2008_0012,㎡,460,㎡,소재지(시군구)별,By Administrative District,도시및비도시지역별,By Current Status,504568158,A,15315DSI001,15315HJG015006,사천시,합계,Sacheon-si,Total
도시·비도시지역 면적현황,2012,TX_315_2009_H1002,면적,Area,16315T2008_0012,㎡,460,㎡,소재지(시군구)별,By Administrative District,도시및비도시지역별,By Current Status,463329091,A,15315DSI001,15315HJG015007,김해시,합계,Gimhae-si,Total
도시·비도시지역 면적현황,2012,TX_315_2009_H1002,면적,Area,16315T2008_0012,㎡,460,㎡,소재지(시군구)별,By Administrative District,도시및비도시지역별,By Current Status,799005000,A,15315DSI001,15315HJG015008,밀양시,합계,Miryang-si,Total
도시·비도시지역 면적현황,2012,TX_315_2009_H1002,면적,Area,16315T2008_0012,㎡,460,㎡,소재지(시군구)별,By Administrative District,도시및비도시지역별,By Current Status,414223993,A,15315DSI001,15315HJG015009,거제시,합계,Geoje-si,Total
도시·비도시지역 면적현황,2012,TX_315_2009_H1002,면적,Area,16315T2008_0012,㎡,460,㎡,소재지(시군구)별,By Administrative District,도시및비도시지역별,By Current Status,484550229,A,15315DSI001,15315HJG015010,양산시,합계,Yangsan-si,Total
도시·비도시지역 면적현황,2012,TX_315_2009_H1002,면적,Area,16315T2008_0012,㎡,460,㎡,소재지(시군구)별,By Administrative District,도시및비도시지역별,By Current Status,482939975,A,15315DSI001,15315HJG015011,의령군,합계,Uiryeong-gun,Total
도시·비도시지역 면적현황,2012,TX_315_2009_H1002,면적,Area,16315T2008_0012,㎡,460,㎡,소재지(시군구)별,By Administrative District,도시및비도시지역별,By Current Status,416764689,A,15315DSI001,15315HJG015012,함안군,합계,Haman-gun,Total
도시·비도시지역 면적현황,2012,TX_315_2009_H1002,면적,Area,16315T2008_0012,㎡,460,㎡,소재지(시군구)별,By Administrative District,도시및비도시지역별,By Current Status,533097000,A,15315DSI001,15315HJG015013,창녕군,합계,Changnyeong-gun,Total
도시·비도시지역 면적현황,2012,TX_315_2009_H1002,면적,Area,16315T2008_0012,㎡,460,㎡,소재지(시군구)별,By Administrative District,도시및비도시지역별,By Current Status,667230908,A,15315DSI001,15315HJG015014,고성군,합계,Goseong-gun,Total
도시·비도시지역 면적현황,2012,TX_315_2009_H1002,면적,Area,16315T2008_0012,㎡,460,㎡,소재지(시군구)별,By Administrative District,도시및비도시지역별,By Current Status,579420404,A,15315DSI001,15315HJG015015,남해군,합계,Namhae-gun,Total
도시·비도시지역 면적현황,2012,TX_315_2009_H1002,면적,Area,16315T2008_0012,㎡,460,㎡,소재지(시군구)별,By Administrative District,도시및비도시지역별,By Current Status,681276177,A,15315DSI001,15315HJG015016,하동군,합계,Hadong-gun,Total
도시·비도시지역 면적현황,2012,TX_315_2009_H1002,면적,Area,16315T2008_0012,㎡,460,㎡,소재지(시군구)별,By Administrative District,도시및비도시지역별,By Current Status,794593000,A,15315DSI001,15315HJG015017,산청군,합계,Sancheong-gun,Total
도시·비도시지역 면적현황,2012,TX_315_2009_H1002,면적,Area,16315T2008_0012,㎡,460,㎡,소재지(시군구)별,By Administrative District,도시및비도시지역별,By Current Status,724957922,A,15315DSI001,15315HJG015018,함양군,합계,Hamyang-gun,Total
도시·비도시지역 면적현황,2012,TX_315_2009_H1002,면적,Area,16315T2008_0012,㎡,460,㎡,소재지(시군구)별,By Administrative District,도시및비도시지역별,By Current Status,804144882,A,15315DSI001,15315HJG015019,거창군,합계,Geochang-gun,Total
도시·비도시지역 면적현황,2012,TX_315_2009_H1002,면적,Area,16315T2008_0012,㎡,460,㎡,소재지(시군구)별,By Administrative District,도시및비도시지역별,By Current Status,983420332,A,15315DSI001,15315HJG015020,합천군,합계,Hapcheon-gun,Total
도시·비도시지역 면적현황,2012,TX_315_2009_H1002,면적,Area,16315T2008_0012,㎡,460,㎡,소재지(시군구)별,By Administrative District,도시및비도시지역별,By Current Status,2049862026,A,15315DSI001,15315HJG016,제주특별자치도,합계,Jeju-do,Total
도시·비도시지역 면적현황,2012,TX_315_2009_H1002,면적,Area,16315T2008_0012,㎡,460,㎡,소재지(시군구)별,By Administrative District,도시및비도시지역별,By Current Status,1102749625,A,15315DSI001,15315HJG016001,제주시,합계,Jeju-si,Total
도시·비도시지역 면적현황,2012,TX_315_2009_H1002,면적,Area,16315T2008_0012,㎡,460,㎡,소재지(시군구)별,By Administrative District,도시및비도시지역별,By Current Status,947112401,A,15315DSI001,15315HJG016002,서귀포시,합계,Seogwipo-si,Total
도시·비도시지역 면적현황,2012,TX_315_2009_H1002,면적,Area,16315T2008_0012,㎡,460,㎡,소재지(시군구)별,By Administrative District,도시및비도시지역별,By Current Status,465230000,A,15315DSI001,15315HJG017,세종특별자치시,합계,Sejong-si,Total
도시·비도시지역 면적현황,2012,TX_315_2009_H1002,면적,Area,16315T2008_0012,㎡,460,㎡,소재지(시군구)별,By Administrative District,도시및비도시지역별,By Current Status,465230000,A,15315DSI001,15315HJG017001,세종특별자치시,합계,Sejong-si,Total
